ÑÇÈØ ÇáÈØæáÉ,ÚäæÇä ÇáÈØæáÉ,ãÑÍáÉ ÇáÈØæáÉ,ÑÇÈØ ÇáãÈÇÑÇÉ,ÍÇáÉ ÇáãÈÇÑÇÉ,ÇáÝÑÞ,ÇáäÊíÌÉ,æÞÊ ÇáãÈÇÑÇÉ,ÇáÞäÇÉ

https://www.yallakora.com/epl/2761/tour-hp/%d8%a7%d9%84%d8%af%d9%88%d8%b1%d9%8a-%d8%a7%d9%84%d8%a5%d9%86%d8%ac%d9%84%d9%8a%d8%b2%d9%8a#MC_MatcheDetails,ÇáÏæÑí ÇáÅäÌáíÒí,ÇáÃÓÈæÚ ÇáÎÇãÓ ÚÔÑ,https://www.yallakora.com/epl/2761/match/84634/%d9%86%d9%88%d8%aa%d9%8a%d9%86%d8%ac%d9%87%d8%a7%d9%85-%d9%81%d9%88%d8%b1%d8%b3%d8%aa-%d8%a8%d8%b1%d9%8a%d9%86%d8%aa%d9%81%d9%88%d8%b1%d8%af-%d8%a7%d9%84%d8%af%d9%88%d8%b1%d9%8a-%d8%a7%d9%84%d8%a5%d9%86%d8%ac%d9%84%d9%8a%d8%b2%d9%8a#MC_MatcheDetails,ÇäÊåÊ,äæÊíäÌåÇã ÝæÑÓÊ - ÈÑíäÊÝæÑÏ,2 - 2,17:00,Èì Çä ÓÈæÑÊ ÇäÌáíÔ 2

https://www.yallakora.com/epl/2761/tour-hp/%d8%a7%d9%84%d8%af%d9%88%d8%b1%d9%8a-%d8%a7%d9%84%d8%a5%d9%86%d8%ac%d9%84%d9%8a%d8%b2%d9%8a#MC_MatcheDetails,ÇáÏæÑí ÇáÅäÌáíÒí,ÇáÃÓÈæÚ ÇáÎÇãÓ ÚÔÑ,https://www.yallakora.com/epl/2761/match/84635/%d9%84%d9%8a%d8%af%d8%b2-%d9%8a%d9%88%d9%86%d8%a7%d9%8a%d8%aa%d8%af-%d8%a8%d9%88%d8%b1%d9%86%d9%85%d9%88%d8%ab-%d8%a7%d9%84%d8%af%d9%88%d8%b1%d9%8a-%d8%a7%d9%84%d8%a5%d9%86%d8%ac%d9%84%d9%8a%d8%b2%d9%8a#MC_MatcheDetails,ÇäÊåÊ,áíÏÒ íæäÇíÊÏ - ÈæÑäãæË,3 - 4,17:00,Èì Çä ÓÈæÑÊ ÈÑíãíæã 2

https://www.yallakora.com/epl/2761/tour-hp/%d8%a7%d9%84%d8%af%d9%88%d8%b1%d9%8a-%d8%a7%d9%84%d8%a5%d9%86%d8%ac%d9%84%d9%8a%d8%b2%d9%8a#MC_MatcheDetails,ÇáÏæÑí ÇáÅäÌáíÒí,ÇáÃÓÈæÚ ÇáÎÇãÓ ÚÔÑ,https://www.yallakora.com/epl/2761/match/84636/%d9%85%d8%a7%d9%86%d8%b4%d8%b3%d8%aa%d8%b1-%d8%b3%d9%8a%d8%aa%d9%8a-%d9%81%d9%88%d9%84%d9%87%d8%a7%d9%85--%d8%a7%d9%84%d8%af%d9%88%d8%b1%d9%8a-%d8%a7%d9%84%d8%a5%d9%86%d8%ac%d9%84%d9%8a%d8%b2%d9%8a#MC_MatcheDetails,ÇäÊåÊ,ãÇäÔÓÊÑ ÓíÊí - ÝæáåÇã,1 - 2,17:00,Èì Çä ÓÈæÑÊ ÈÑíãíæã 1

https://www.yallakora.com/epl/2761/tour-hp/%d8%a7%d9%84%d8%af%d9%88%d8%b1%d9%8a-%d8%a7%d9%84%d8%a5%d9%86%d8%ac%d9%84%d9%8a%d8%b2%d9%8a#MC_MatcheDetails,ÇáÏæÑí ÇáÅäÌáíÒí,ÇáÃÓÈæÚ ÇáÎÇãÓ ÚÔÑ,https://www.yallakora.com/epl/2761/match/84637/%d9%88%d9%88%d9%84%d9%81%d8%b1%d9%87%d8%a7%d9%85%d8%a8%d8%aa%d9%88%d9%86-%d8%a8%d8%b1%d8%a7%d9%8a%d8%aa%d9%88%d9%86-%d8%a7%d9%84%d8%af%d9%88%d8%b1%d9%8a-%d8%a7%d9%84%d8%a5%d9%86%d8%ac%d9%84%d9%8a%d8%b2%d9%8a#MC_MatcheDetails,ÇäÊåÊ,ææáÝÑåÇãÈÊæä - ÈÑÇíÊæä,3 - 2,17:00,Èì Çä ÓÈæÑÊ ÈÑíãíæã 3

https://www.yallakora.com/epl/2761/tour-hp/%d8%a7%d9%84%d8%af%d9%88%d8%b1%d9%8a-%d8%a7%d9%84%d8%a5%d9%86%d8%ac%d9%84%d9%8a%d8%b2%d9%8a#MC_MatcheDetails,ÇáÏæÑí ÇáÅäÌáíÒí,ÇáÃÓÈæÚ ÇáÎÇãÓ ÚÔÑ,https://www.yallakora.com/epl/2761/match/84638/%d8%a7%d9%8a%d9%81%d8%b1%d8%aa%d9%88%d9%86-%d9%84%d9%8a%d8%b3%d8%aa%d8%b1-%d8%b3%d9%8a%d8%aa%d9%8a-%d8%a7%d9%84%d8%af%d9%88%d8%b1%d9%8a-%d8%a7%d9%84%d8%a5%d9%86%d8%ac%d9%84%d9%8a%d8%b2%d9%8a#MC_MatcheDetails,ÇäÊåÊ,ÇíÝÑÊæä - áíÓÊÑ ÓíÊí,2 - 0,19:30,Èì Çä ÓÈæÑÊ ÈÑíãíæã 1

https://www.yallakora.com/la-liga/2764/tour-hp/%d8%a7%d9%84%d8%af%d9%88%d8%b1%d9%8a-%d8%a7%d9%84%d8%a5%d8%b3%d8%a8%d8%a7%d9%86%d9%8a#MC_MatcheDetails,ÇáÏæÑí ÇáÅÓÈÇäí,ÇáÃÓÈæÚ ÇáËÇáË ÚÔÑ,https://www.yallakora.com/la-liga/2764/match/84872/%d8%ae%d9%8a%d8%aa%d8%a7%d9%81%d9%8a-%d9%82%d8%a7%d8%af%d8%b4-%d8%a7%d9%84%d8%af%d9%88%d8%b1%d9%8a-%d8%a7%d9%84%d8%a5%d8%b3%d8%a8%d8%a7%d9%86%d9%8a#MC_MatcheDetails,ÇäÊåÊ,ÎíÊÇÝí - ÞÇÏÔ,0 - 0,15:00,Èì Çä ÓÈæÑÊ 1HD

https://www.yallakora.com/la-liga/2764/tour-hp/%d8%a7%d9%84%d8%af%d9%88%d8%b1%d9%8a-%d8%a7%d9%84%d8%a5%d8%b3%d8%a8%d8%a7%d9%86%d9%8a#MC_MatcheDetails,ÇáÏæÑí ÇáÅÓÈÇäí,ÇáÃÓÈæÚ ÇáËÇáË ÚÔÑ,https://www.yallakora.com/la-liga/2764/match/84875/%d8%a8%d9%84%d8%af-%d8%a7%d9%84%d9%88%d9%84%d9%8a%d8%af-%d8%a5%d9%84%d8%aa%d8%b4%d9%8a-%d8%a7%d9%84%d8%af%d9%88%d8%b1%d9%8a-%d8%a7%d9%84%d8%a5%d8%b3%d8%a8%d8%a7%d9%86%d9%8a#MC_MatcheDetails,ÇäÊåÊ,ÈáÏ ÇáæáíÏ - ÅáÊÔí,1 - 2,17:15,Èì Çä ÓÈæÑÊ 1HD

https://www.yallakora.com/la-liga/2764/tour-hp/%d8%a7%d9%84%d8%af%d9%88%d8%b1%d9%8a-%d8%a7%d9%84%d8%a5%d8%b3%d8%a8%d8%a7%d9%86%d9%8a#MC_MatcheDetails,ÇáÏæÑí ÇáÅÓÈÇäí,ÇáÃÓÈæÚ ÇáËÇáË ÚÔÑ,https://www.yallakora.com/la-liga/2764/match/84871/%d8%b3%d9%8a%d9%84%d8%aa%d8%a7-%d9%81%d9%8a%d8%ac%d9%88-%d8%a3%d9%88%d8%b3%d8%a7%d8%b3%d9%88%d9%86%d8%a7-%d8%a7%d9%84%d8%af%d9%88%d8%b1%d9%8a-%d8%a7%d9%84%d8%a5%d8%b3%d8%a8%d8%a7%d9%86%d9%8a#MC_MatcheDetails,ÇäÊåÊ,ÓíáÊÇ ÝíÌæ - ÃæÓÇÓæäÇ,2 - 1,19:30,Èì Çä ÓÈæÑÊ 1HD

https://www.yallakora.com/la-liga/2764/tour-hp/%d8%a7%d9%84%d8%af%d9%88%d8%b1%d9%8a-%d8%a7%d9%84%d8%a5%d8%b3%d8%a8%d8%a7%d9%86%d9%8a#MC_MatcheDetails,ÇáÏæÑí ÇáÅÓÈÇäí,ÇáÃÓÈæÚ ÇáËÇáË ÚÔÑ,https://www.yallakora.com/la-liga/2764/match/84870/%d8%a8%d8%b1%d8%b4%d9%84%d9%88%d9%86%d8%a9--%d8%a7%d9%84%d9%85%d9%8a%d8%b1%d9%8a%d8%a7-%d8%a7%d9%84%d8%af%d9%88%d8%b1%d9%8a-%d8%a7%d9%84%d8%a5%d8%b3%d8%a8%d8%a7%d9%86%d9%8a#MC_MatcheDetails,ÇäÊåÊ,ÈÑÔáæäÉ - ÇáãíÑíÇ,0 - 2,22:00,Èì Çä ÓÈæÑÊ ÈÑíãíæã 1

https://www.yallakora.com/serie-a/2765/tour-hp/%d8%a7%d9%84%d8%af%d9%88%d8%b1%d9%8a-%d8%a7%d9%84%d8%a5%d9%8a%d8%b7%d8%a7%d9%84%d9%8a#MC_MatcheDetails,ÇáÏæÑí ÇáÅíØÇáí,ÇáÃÓÈæÚ ÇáËÇáË ÚÔÑ,https://www.yallakora.com/serie-a/2765/match/85121/%d8%a5%d9%85%d8%a8%d9%88%d9%84%d9%8a-%d8%b3%d8%a7%d8%b3%d9%88%d9%84%d9%88-%d8%a7%d9%84%d8%af%d9%88%d8%b1%d9%8a-%d8%a7%d9%84%d8%a5%d9%8a%d8%b7%d8%a7%d9%84%d9%8a#MC_MatcheDetails,ÇäÊåÊ,ÅãÈæáí - ÓÇÓæáæ,0 - 1,16:00,Starz Play App

https://www.yallakora.com/serie-a/2765/tour-hp/%d8%a7%d9%84%d8%af%d9%88%d8%b1%d9%8a-%d8%a7%d9%84%d8%a5%d9%8a%d8%b7%d8%a7%d9%84%d9%8a#MC_MatcheDetails,ÇáÏæÑí ÇáÅíØÇáí,ÇáÃÓÈæÚ ÇáËÇáË ÚÔÑ,https://www.yallakora.com/serie-a/2765/match/85122/%d8%b3%d8%a7%d9%84%d9%8a%d8%b1%d9%86%d9%8a%d8%aa%d8%a7%d9%86%d8%a7-%d9%83%d8%b1%d9%8a%d9%85%d9%88%d9%86%d9%8a%d8%b3%d9%8a-%d8%a7%d9%84%d8%af%d9%88%d8%b1%d9%8a-%d8%a7%d9%84%d8%a5%d9%8a%d8%b7%d8%a7%d9%84%d9%8a#MC_MatcheDetails,ÇäÊåÊ,ÓÇáíÑäíÊÇäÇ - ßÑíãæäíÓí,2 - 2,16:00,Starz Play App

https://www.yallakora.com/serie-a/2765/tour-hp/%d8%a7%d9%84%d8%af%d9%88%d8%b1%d9%8a-%d8%a7%d9%84%d8%a5%d9%8a%d8%b7%d8%a7%d9%84%d9%8a#MC_MatcheDetails,ÇáÏæÑí ÇáÅíØÇáí,ÇáÃÓÈæÚ ÇáËÇáË ÚÔÑ,https://www.yallakora.com/serie-a/2765/match/85123/%d8%a3%d8%aa%d8%a7%d9%84%d8%a7%d9%86%d8%aa%d8%a7-%d9%86%d8%a7%d8%a8%d9%88%d9%84%d9%8a-%d8%a7%d9%84%d8%af%d9%88%d8%b1%d9%8a-%d8%a7%d9%84%d8%a5%d9%8a%d8%b7%d8%a7%d9%84%d9%8a#MC_MatcheDetails,ÇäÊåÊ,ÃÊÇáÇäÊÇ - äÇÈæáí,2 - 1,19:00,Starz Play App

https://www.yallakora.com/serie-a/2765/tour-hp/%d8%a7%d9%84%d8%af%d9%88%d8%b1%d9%8a-%d8%a7%d9%84%d8%a5%d9%8a%d8%b7%d8%a7%d9%84%d9%8a#MC_MatcheDetails,ÇáÏæÑí ÇáÅíØÇáí,ÇáÃÓÈæÚ ÇáËÇáË ÚÔÑ,https://www.yallakora.com/serie-a/2765/match/85124/%d9%85%d9%8a%d9%84%d8%a7%d9%86-%d8%b3%d8%a8%d9%8a%d8%b2%d9%8a%d8%a7-%d9%83%d8%a7%d9%84%d8%aa%d8%b4%d9%88-%d8%a7%d9%84%d8%af%d9%88%d8%b1%d9%8a-%d8%a7%d9%84%d8%a5%d9%8a%d8%b7%d8%a7%d9%84%d9%8a#MC_MatcheDetails,ÇäÊåÊ,ãíáÇä - ÓÈíÒíÇ ßÇáÊÔæ,1 - 2,21:45,Starz Play App

https://www.yallakora.com/bundesliga/2769/tour-hp/%d8%a7%d9%84%d8%af%d9%88%d8%b1%d9%8a-%d8%a7%d9%84%d8%a3%d9%84%d9%85%d8%a7%d9%86%d9%8a#MC_MatcheDetails,ÇáÏæÑí ÇáÃáãÇäí,ÇáÃÓÈæÚ ÇáËÇáË ÚÔÑ,https://www.yallakora.com/bundesliga/2769/match/83135/%d8%a3%d9%88%d8%ac%d8%b3%d8%a8%d9%88%d8%b1%d8%ac-%d8%a2-%d9%81%d8%b1%d8%a7%d9%86%d9%83%d9%81%d9%88%d8%b1%d8%aa--%d8%a7%d9%84%d8%af%d9%88%d8%b1%d9%8a-%d8%a7%d9%84%d8%a3%d9%84%d9%85%d8%a7%d9%86%d9%8a#MC_MatcheDetails,ÇäÊåÊ,ÃæÌÓÈæÑÌ - Â. ÝÑÇäßÝæÑÊ,2 - 1,16:30,-

https://www.yallakora.com/bundesliga/2769/tour-hp/%d8%a7%d9%84%d8%af%d9%88%d8%b1%d9%8a-%d8%a7%d9%84%d8%a3%d9%84%d9%85%d8%a7%d9%86%d9%8a#MC_MatcheDetails,ÇáÏæÑí ÇáÃáãÇäí,ÇáÃÓÈæÚ ÇáËÇáË ÚÔÑ,https://www.yallakora.com/bundesliga/2769/match/85294/%d9%87%d9%8a%d8%b1%d8%aa%d8%a7-%d8%a8%d8%b1%d9%84%d9%8a%d9%86-%d8%a8%d8%a7%d9%8a%d8%b1%d9%86-%d9%85%d9%8a%d9%88%d9%86%d9%8a%d8%ae-%d8%a7%d9%84%d8%af%d9%88%d8%b1%d9%8a-%d8%a7%d9%84%d8%a3%d9%84%d9%85%d8%a7%d9%86%d9%8a#MC_MatcheDetails,ÇäÊåÊ,åíÑÊÇ ÈÑáíä - ÈÇíÑä ãíæäíÎ,3 - 2,16:30,Èì Çä ÓÈæÑÊ 3 HD

https://www.yallakora.com/bundesliga/2769/tour-hp/%d8%a7%d9%84%d8%af%d9%88%d8%b1%d9%8a-%d8%a7%d9%84%d8%a3%d9%84%d9%85%d8%a7%d9%86%d9%8a#MC_MatcheDetails,ÇáÏæÑí ÇáÃáãÇäí,ÇáÃÓÈæÚ ÇáËÇáË ÚÔÑ,https://www.yallakora.com/bundesliga/2769/match/85295/%d8%a8%d8%b1%d9%88%d8%b3%d9%8a%d8%a7-%d8%af%d9%88%d8%b1%d8%aa%d9%85%d9%88%d9%86%d8%af--%d8%a8%d9%88%d8%ae%d9%88%d9%85-%d8%a7%d9%84%d8%af%d9%88%d8%b1%d9%8a-%d8%a7%d9%84%d8%a3%d9%84%d9%85%d8%a7%d9%86%d9%8a#MC_MatcheDetails,ÇäÊåÊ,ÈÑæÓíÇ ÏæÑÊãæäÏ - ÈæÎæã,0 - 3,16:30,Èì Çä ÓÈæÑÊ 7 HD

https://www.yallakora.com/bundesliga/2769/tour-hp/%d8%a7%d9%84%d8%af%d9%88%d8%b1%d9%8a-%d8%a7%d9%84%d8%a3%d9%84%d9%85%d8%a7%d9%86%d9%8a#MC_MatcheDetails,ÇáÏæÑí ÇáÃáãÇäí,ÇáÃÓÈæÚ ÇáËÇáË ÚÔÑ,https://www.yallakora.com/bundesliga/2769/match/85296/%d9%85%d8%a7%d9%8a%d9%86%d8%b2-%d9%81%d9%88%d9%84%d9%81%d8%b3%d8%a8%d9%88%d8%b1%d8%ac-%d8%a7%d9%84%d8%af%d9%88%d8%b1%d9%8a-%d8%a7%d9%84%d8%a3%d9%84%d9%85%d8%a7%d9%86%d9%8a#MC_MatcheDetails,ÇäÊåÊ,ãÇíäÒ - ÝæáÝÓÈæÑÌ,3 - 0,16:30,-

https://www.yallakora.com/bundesliga/2769/tour-hp/%d8%a7%d9%84%d8%af%d9%88%d8%b1%d9%8a-%d8%a7%d9%84%d8%a3%d9%84%d9%85%d8%a7%d9%86%d9%8a#MC_MatcheDetails,ÇáÏæÑí ÇáÃáãÇäí,ÇáÃÓÈæÚ ÇáËÇáË ÚÔÑ,https://www.yallakora.com/bundesliga/2769/match/85297/%d9%87%d9%88%d9%81%d9%86%d9%87%d8%a7%d9%8a%d9%85-%d9%84%d8%a7%d9%8a%d8%a8%d8%b2%d9%8a%d8%ac-%d8%a7%d9%84%d8%af%d9%88%d8%b1%d9%8a-%d8%a7%d9%84%d8%a3%d9%84%d9%85%d8%a7%d9%86%d9%8a#MC_MatcheDetails,ÇäÊåÊ,åæÝäåÇíã - áÇíÈÒíÌ,3 - 1,16:30,-

https://www.yallakora.com/bundesliga/2769/tour-hp/%d8%a7%d9%84%d8%af%d9%88%d8%b1%d9%8a-%d8%a7%d9%84%d8%a3%d9%84%d9%85%d8%a7%d9%86%d9%8a#MC_MatcheDetails,ÇáÏæÑí ÇáÃáãÇäí,ÇáÃÓÈæÚ ÇáËÇáË ÚÔÑ,https://www.yallakora.com/bundesliga/2769/match/85298/%d9%81%d9%8a%d8%b1%d8%af%d8%b1-%d8%a8%d8%b1%d9%8a%d9%85%d9%86-%d8%b4%d8%a7%d9%84%d9%83%d9%87-%d8%a7%d9%84%d8%af%d9%88%d8%b1%d9%8a-%d8%a7%d9%84%d8%a3%d9%84%d9%85%d8%a7%d9%86%d9%8a#MC_MatcheDetails,ÇäÊåÊ,ÝíÑÏÑ ÈÑíãä - ÔÇáßå,1 - 2,19:30,Èì Çä ÓÈæÑÊ 3 HD

https://www.yallakora.com/ligue1/2768/tour-hp/%d8%a7%d9%84%d8%af%d9%88%d8%b1%d9%8a-%d8%a7%d9%84%d9%81%d8%b1%d9%86%d8%b3%d9%8a#MC_MatcheDetails,ÇáÏæÑí ÇáÝÑäÓí,ÇáÃÓÈæÚ ÇáÑÇÈÚ ÚÔÑ,https://www.yallakora.com/ligue1/2768/match/84940/%d8%a7%d8%ac%d8%a7%d9%83%d8%b3%d9%8a%d9%88-%d8%b3%d8%aa%d8%b1%d8%a7%d8%b3%d8%a8%d9%88%d8%b1%d8%ac-%d8%a7%d9%84%d8%af%d9%88%d8%b1%d9%8a-%d8%a7%d9%84%d9%81%d8%b1%d9%86%d8%b3%d9%8a#MC_MatcheDetails,ÇäÊåÊ,ÇÌÇßÓíæ - ÓÊÑÇÓÈæÑÌ,2 - 4,18:00,Èì Çä ÓÈæÑÊ 2 HD

https://www.yallakora.com/ligue1/2768/tour-hp/%d8%a7%d9%84%d8%af%d9%88%d8%b1%d9%8a-%d8%a7%d9%84%d9%81%d8%b1%d9%86%d8%b3%d9%8a#MC_MatcheDetails,ÇáÏæÑí ÇáÝÑäÓí,ÇáÃÓÈæÚ ÇáÑÇÈÚ ÚÔÑ,https://www.yallakora.com/ligue1/2768/match/84941/%d8%a3%d9%86%d8%ac%d9%8a%d9%87-%d9%84%d8%a7%d9%86%d8%b3-%d8%a7%d9%84%d8%af%d9%88%d8%b1%d9%8a-%d8%a7%d9%84%d9%81%d8%b1%d9%86%d8%b3%d9%8a#MC_MatcheDetails,ÇäÊåÊ,ÃäÌíå - áÇäÓ,2 - 1,22:00,Èì Çä ÓÈæÑÊ 2 HD

https://www.yallakora.com/turkish-super-lig/2770/tour-hp/%d8%a7%d9%84%d8%af%d9%88%d8%b1%d9%8a-%d8%a7%d9%84%d8%aa%d8%b1%d9%83%d9%8a#MC_MatcheDetails,ÇáÏæÑí ÇáÊÑßí,ÇáÃÓÈæÚ ÇáËÇáË ÚÔÑ,https://www.yallakora.com/turkish-super-lig/2770/match/85325/%d8%ac%d9%8a%d8%b1%d8%b3%d9%88%d9%86-%d8%b3%d8%a8%d9%88%d8%b1-%d8%a5%d8%b3%d8%b7%d9%86%d8%a8%d9%88%d9%84-%d8%b3%d8%a8%d9%88%d8%b1-%d8%a7%d9%84%d8%af%d9%88%d8%b1%d9%8a-%d8%a7%d9%84%d8%aa%d8%b1%d9%83%d9%8a#MC_MatcheDetails,ÇäÊåÊ,ÌíÑÓæä ÓÈæÑ - ÅÓØäÈæá ÓÈæÑ,2 - 3,13:30,-

https://www.yallakora.com/turkish-super-lig/2770/tour-hp/%d8%a7%d9%84%d8%af%d9%88%d8%b1%d9%8a-%d8%a7%d9%84%d8%aa%d8%b1%d9%83%d9%8a#MC_MatcheDetails,ÇáÏæÑí ÇáÊÑßí,ÇáÃÓÈæÚ ÇáËÇáË ÚÔÑ,https://www.yallakora.com/turkish-super-lig/2770/match/85327/%d8%ac%d8%a7%d9%84%d8%a7%d8%aa%d8%a7-%d8%b3%d8%b1%d8%a7%d9%8a-%d8%a8%d8%b4%d9%83%d8%aa%d8%a7%d8%b4-%d8%a7%d9%84%d8%af%d9%88%d8%b1%d9%8a-%d8%a7%d9%84%d8%aa%d8%b1%d9%83%d9%8a#MC_MatcheDetails,ÇäÊåÊ,ÌÇáÇÊÇ ÓÑÇí - ÈÔßÊÇÔ,1 - 2,19:00,-

https://www.yallakora.com/primeira-liga/2775/tour-hp/%d8%a7%d9%84%d8%af%d9%88%d8%b1%d9%8a-%d8%a7%d9%84%d8%a8%d8%b1%d8%aa%d8%ba%d8%a7%d9%84%d9%8a#MC_MatcheDetails,ÇáÏæÑí ÇáÈÑÊÛÇáí,ÇáÃÓÈæÚ ÇáËÇäí ÚÔÑ,https://www.yallakora.com/primeira-liga/2775/match/85232/%d9%81%d9%8a%d8%b2%d9%8a%d9%84%d8%a7--%d8%a3%d8%b1%d9%88%d9%83%d8%a7-%d8%a7%d9%84%d8%af%d9%88%d8%b1%d9%8a-%d8%a7%d9%84%d8%a8%d8%b1%d8%aa%d8%ba%d8%a7%d9%84%d9%8a#MC_MatcheDetails,ÇäÊåÊ,ÝíÒíáÇ - ÃÑæßÇ,1 - 0,17:30,-

https://www.yallakora.com/primeira-liga/2775/tour-hp/%d8%a7%d9%84%d8%af%d9%88%d8%b1%d9%8a-%d8%a7%d9%84%d8%a8%d8%b1%d8%aa%d8%ba%d8%a7%d9%84%d9%8a#MC_MatcheDetails,ÇáÏæÑí ÇáÈÑÊÛÇáí,ÇáÃÓÈæÚ ÇáËÇäí ÚÔÑ,https://www.yallakora.com/primeira-liga/2775/match/85233/%d8%a8%d9%88%d8%b1%d8%aa%d9%88-%d8%a8%d8%a7%d9%83%d9%88%d8%b3-%d9%81%d9%8a%d8%b1%d9%8a%d8%b1%d8%a7-%d8%a7%d9%84%d8%af%d9%88%d8%b1%d9%8a-%d8%a7%d9%84%d8%a8%d8%b1%d8%aa%d8%ba%d8%a7%d9%84%d9%8a#MC_MatcheDetails,ÇäÊåÊ,ÈæÑÊæ - ÈÇßæÓ ÝíÑíÑÇ,0 - 4,20:00,-

https://www.yallakora.com/primeira-liga/2775/tour-hp/%d8%a7%d9%84%d8%af%d9%88%d8%b1%d9%8a-%d8%a7%d9%84%d8%a8%d8%b1%d8%aa%d8%ba%d8%a7%d9%84%d9%8a#MC_MatcheDetails,ÇáÏæÑí ÇáÈÑÊÛÇáí,ÇáÃÓÈæÚ ÇáËÇäí ÚÔÑ,https://www.yallakora.com/primeira-liga/2775/match/85234/%d8%b3%d8%a8%d9%88%d8%b1%d8%aa%d9%8a%d9%86%d8%ac-%d9%84%d8%b4%d8%a8%d9%88%d9%86%d8%a9-%d9%81%d9%8a%d8%aa%d9%88%d8%b1%d9%8a%d8%a7-%d8%ac%d9%8a%d9%85%d8%a7%d8%b1%d9%8a%d8%b4-%d8%a7%d9%84%d8%af%d9%88%d8%b1%d9%8a-%d8%a7%d9%84%d8%a8%d8%b1%d8%aa%d8%ba%d8%a7%d9%84%d9%8a#MC_MatcheDetails,ÇäÊåÊ,ÓÈæÑÊíäÌ áÔÈæäÉ - ÝíÊæÑíÇ ÌíãÇÑíÔ,0 - 3,22:30,-

https://www.yallakora.com/tunisian-league/2799/tour-hp/%d8%a7%d9%84%d8%af%d9%88%d8%b1%d9%8a-%d8%a7%d9%84%d8%aa%d9%88%d9%86%d8%b3%d9%8a#MC_MatcheDetails,ÇáÏæÑí ÇáÊæäÓí,ÇáÃÓÈæÚ ÇáÓÇÏÓ,https://www.yallakora.com/tunisian-league/2799/match/85351/%d8%a7%d9%84%d8%aa%d8%b1%d8%ac%d9%89-%d8%a7%d9%84%d8%b1%d9%8a%d8%a7%d8%b6%d9%8a-%d8%a7%d8%aa%d8%ad%d8%a7%d8%af-%d8%aa%d8%b7%d8%a7%d9%88%d9%8a%d9%86-%d8%a7%d9%84%d8%af%d9%88%d8%b1%d9%8a-%d8%a7%d9%84%d8%aa%d9%88%d9%86%d8%b3%d9%8a#MC_MatcheDetails,ÇäÊåÊ,ÇáÊÑÌì ÇáÑíÇÖí - ÇÊÍÇÏ ÊØÇæíä,0 - 3,15:30,-

https://www.yallakora.com/tunisian-league/2799/tour-hp/%d8%a7%d9%84%d8%af%d9%88%d8%b1%d9%8a-%d8%a7%d9%84%d8%aa%d9%88%d9%86%d8%b3%d9%8a#MC_MatcheDetails,ÇáÏæÑí ÇáÊæäÓí,ÇáÃÓÈæÚ ÇáÓÇÏÓ,https://www.yallakora.com/tunisian-league/2799/match/85413/%d8%a7%d9%84%d9%86%d8%ac%d9%85-%d8%a7%d9%84%d8%b3%d8%a7%d8%ad%d9%84%d9%89--%d9%87%d9%84%d8%a7%d9%84-%d8%b4%d8%a7%d8%a8%d8%a9-%d8%a7%d9%84%d8%af%d9%88%d8%b1%d9%8a-%d8%a7%d9%84%d8%aa%d9%88%d9%86%d8%b3%d9%8a#MC_MatcheDetails,ÇäÊåÊ,ÇáäÌã ÇáÓÇÍáì - åáÇá ÔÇÈÉ,0 - 3,15:30,-

https://www.yallakora.com/uael-league/2781/tour-hp/%d8%a7%d9%84%d8%af%d9%88%d8%b1%d9%8a-%d8%a7%d9%84%d8%a5%d9%85%d8%a7%d8%b1%d8%a7%d8%aa%d9%8a#MC_MatcheDetails,ÇáÏæÑí ÇáÅãÇÑÇÊí,ÇáÃÓÈæÚ ÇáÊÇÓÚ,https://www.yallakora.com/uael-league/2781/match/85311/%d8%a7%d9%84%d8%b8%d9%81%d8%b1%d8%a9-%d8%a7%d9%84%d8%b4%d9%80%d9%80%d8%a7%d8%b1%d9%82%d8%a9-%d8%a7%d9%84%d8%af%d9%88%d8%b1%d9%8a-%d8%a7%d9%84%d8%a5%d9%85%d8%a7%d8%b1%d8%a7%d8%aa%d9%8a#MC_MatcheDetails,ÇäÊåÊ,ÇáÙÝÑÉ - ÇáÔÜÜÇÑÞÉ,1 - 0,14:45,-

https://www.yallakora.com/uael-league/2781/tour-hp/%d8%a7%d9%84%d8%af%d9%88%d8%b1%d9%8a-%d8%a7%d9%84%d8%a5%d9%85%d8%a7%d8%b1%d8%a7%d8%aa%d9%8a#MC_MatcheDetails,ÇáÏæÑí ÇáÅãÇÑÇÊí,ÇáÃÓÈæÚ ÇáÊÇÓÚ,https://www.yallakora.com/uael-league/2781/match/85312/%d8%a7%d9%84%d9%88%d8%ad%d9%80%d9%80%d9%80%d8%af%d8%a9--%d8%af%d8%a8%d8%a7-%d8%a7%d9%84%d8%af%d9%88%d8%b1%d9%8a-%d8%a7%d9%84%d8%a5%d9%85%d8%a7%d8%b1%d8%a7%d8%aa%d9%8a#MC_MatcheDetails,ÇäÊåÊ,ÇáæÍÜÜÜÏÉ - ÏÈÇ,0 - 3,14:45,-

https://www.yallakora.com/uael-league/2781/tour-hp/%d8%a7%d9%84%d8%af%d9%88%d8%b1%d9%8a-%d8%a7%d9%84%d8%a5%d9%85%d8%a7%d8%b1%d8%a7%d8%aa%d9%8a#MC_MatcheDetails,ÇáÏæÑí ÇáÅãÇÑÇÊí,ÇáÃÓÈæÚ ÇáÊÇÓÚ,https://www.yallakora.com/uael-league/2781/match/85313/%d8%a7%d9%84%d9%88%d8%b5%d9%84-%d8%b9%d8%ac%d9%85%d8%a7%d9%86-%d8%a7%d9%84%d8%af%d9%88%d8%b1%d9%8a-%d8%a7%d9%84%d8%a5%d9%85%d8%a7%d8%b1%d8%a7%d8%aa%d9%8a#MC_MatcheDetails,ÇäÊåÊ,ÇáæÕá - ÚÌãÇä,1 - 2,17:30,-

https://www.yallakora.com/uael-league/2781/tour-hp/%d8%a7%d9%84%d8%af%d9%88%d8%b1%d9%8a-%d8%a7%d9%84%d8%a5%d9%85%d8%a7%d8%b1%d8%a7%d8%aa%d9%8a#MC_MatcheDetails,ÇáÏæÑí ÇáÅãÇÑÇÊí,ÇáÃÓÈæÚ ÇáÊÇÓÚ,https://www.yallakora.com/uael-league/2781/match/85314/%d8%a7%d8%aa%d8%ad%d8%a7%d8%af-%d9%83%d9%84%d8%a8%d8%a7%d8%a1-%d8%a8%d9%86%d9%8a-%d9%8a%d8%a7%d8%b3-%d8%a7%d9%84%d8%af%d9%88%d8%b1%d9%8a-%d8%a7%d9%84%d8%a5%d9%85%d8%a7%d8%b1%d8%a7%d8%aa%d9%8a#MC_MatcheDetails,ÇäÊåÊ,ÇÊÍÇÏ ßáÈÇÁ - Èäí íÇÓ,1 - 2,17:30,-

https://www.yallakora.com/morrocan-league/2794/tour-hp/%d8%a7%d9%84%d8%af%d9%88%d8%b1%d9%8a-%d8%a7%d9%84%d9%85%d8%ba%d8%b1%d8%a8%d9%8a#MC_MatcheDetails,ÇáÏæÑí ÇáãÛÑÈí,ÇáÃÓÈæÚ ÇáËÇãä,https://www.yallakora.com/morrocan-league/2794/match/85384/%d8%a7%d9%84%d8%b4%d8%a8%d8%a7%d8%a8-%d8%a7%d9%84%d8%b1%d9%8a%d8%a7%d8%b6%d9%8a-%d8%a7%d9%84%d8%b3%d8%a7%d9%84%d9%85%d9%8a-%d8%a7%d9%84%d8%b1%d8%ac%d8%a7%d8%a1-%d8%a7%d9%84%d8%a8%d9%8a%d8%b6%d8%a7%d9%88%d9%8a-%d8%a7%d9%84%d8%af%d9%88%d8%b1%d9%8a-%d8%a7%d9%84%d9%85%d8%ba%d8%b1%d8%a8%d9%8a#MC_MatcheDetails,ÇäÊåÊ,ÇáÔÈÇÈ ÇáÑíÇÖí ÇáÓÇáãí - ÇáÑÌÇÁ ÇáÈíÖÇæí,4 - 1,17:00,-

https://www.yallakora.com/morrocan-league/2794/tour-hp/%d8%a7%d9%84%d8%af%d9%88%d8%b1%d9%8a-%d8%a7%d9%84%d9%85%d8%ba%d8%b1%d8%a8%d9%8a#MC_MatcheDetails,ÇáÏæÑí ÇáãÛÑÈí,ÇáÃÓÈæÚ ÇáËÇãä,https://www.yallakora.com/morrocan-league/2794/match/85385/%d8%a7%d9%84%d9%85%d8%ba%d8%b1%d8%a8-%d8%a7%d9%84%d9%81%d8%a7%d8%b3%d9%8a-%d9%85%d9%88%d9%84%d9%88%d8%af%d9%8a%d8%a9-%d9%88%d8%ac%d8%af%d8%a9-%d8%a7%d9%84%d8%af%d9%88%d8%b1%d9%8a-%d8%a7%d9%84%d9%85%d8%ba%d8%b1%d8%a8%d9%8a#MC_MatcheDetails,ÇäÊåÊ,ÇáãÛÑÈ ÇáÝÇÓí - ãæáæÏíÉ æÌÏÉ,1 - 2,19:00,-

