—«»ÿ «·»ÿÊ·…,⁄‰Ê«‰ «·»ÿÊ·…,„—Õ·… «·»ÿÊ·…,—«»ÿ «·„»«—«…,Õ«·… «·„»«—«…,«·›—ﬁ,«·‰ ÌÃ…,Êﬁ  «·„»«—«…,«·ﬁ‰«…
https://www.yallakora.com/epl/2761/tour-hp/%d8%a7%d9%84%d8%af%d9%88%d8%b1%d9%8a-%d8%a7%d9%84%d8%a5%d9%86%d8%ac%d9%84%d9%8a%d8%b2%d9%8a#MC_MatcheDetails,«·œÊ—Ì «·≈‰Ã·Ì“Ì,«·√”»Ê⁄ «·Œ«„” ⁄‘—,https://www.yallakora.com/epl/2761/match/84634/%d9%86%d9%88%d8%aa%d9%8a%d9%86%d8%ac%d9%87%d8%a7%d9%85-%d9%81%d9%88%d8%b1%d8%b3%d8%aa-%d8%a8%d8%b1%d9%8a%d9%86%d8%aa%d9%81%d9%88%d8%b1%d8%af-%d8%a7%d9%84%d8%af%d9%88%d8%b1%d9%8a-%d8%a7%d9%84%d8%a5%d9%86%d8%ac%d9%84%d9%8a%d8%b2%d9%8a#MC_MatcheDetails,«‰ Â ,‰Ê Ì‰ÃÂ«„ ›Ê—”  - »—Ì‰ ›Ê—œ,2 - 2,17:00,»Ï «‰ ”»Ê—  «‰Ã·Ì‘ 2
https://www.yallakora.com/epl/2761/tour-hp/%d8%a7%d9%84%d8%af%d9%88%d8%b1%d9%8a-%d8%a7%d9%84%d8%a5%d9%86%d8%ac%d9%84%d9%8a%d8%b2%d9%8a#MC_MatcheDetails,«·œÊ—Ì «·≈‰Ã·Ì“Ì,«·√”»Ê⁄ «·Œ«„” ⁄‘—,https://www.yallakora.com/epl/2761/match/84635/%d9%84%d9%8a%d8%af%d8%b2-%d9%8a%d9%88%d9%86%d8%a7%d9%8a%d8%aa%d8%af-%d8%a8%d9%88%d8%b1%d9%86%d9%85%d9%88%d8%ab-%d8%a7%d9%84%d8%af%d9%88%d8%b1%d9%8a-%d8%a7%d9%84%d8%a5%d9%86%d8%ac%d9%84%d9%8a%d8%b2%d9%8a#MC_MatcheDetails,«‰ Â ,·Ìœ“ ÌÊ‰«Ì œ - »Ê—‰„ÊÀ,3 - 4,17:00,»Ï «‰ ”»Ê—  »—Ì„ÌÊ„ 2
https://www.yallakora.com/epl/2761/tour-hp/%d8%a7%d9%84%d8%af%d9%88%d8%b1%d9%8a-%d8%a7%d9%84%d8%a5%d9%86%d8%ac%d9%84%d9%8a%d8%b2%d9%8a#MC_MatcheDetails,«·œÊ—Ì «·≈‰Ã·Ì“Ì,«·√”»Ê⁄ «·Œ«„” ⁄‘—,https://www.yallakora.com/epl/2761/match/84636/%d9%85%d8%a7%d9%86%d8%b4%d8%b3%d8%aa%d8%b1-%d8%b3%d9%8a%d8%aa%d9%8a-%d9%81%d9%88%d9%84%d9%87%d8%a7%d9%85--%d8%a7%d9%84%d8%af%d9%88%d8%b1%d9%8a-%d8%a7%d9%84%d8%a5%d9%86%d8%ac%d9%84%d9%8a%d8%b2%d9%8a#MC_MatcheDetails,«‰ Â ,„«‰‘” — ”Ì Ì - ›Ê·Â«„,1 - 2,17:00,»Ï «‰ ”»Ê—  »—Ì„ÌÊ„ 1
https://www.yallakora.com/epl/2761/tour-hp/%d8%a7%d9%84%d8%af%d9%88%d8%b1%d9%8a-%d8%a7%d9%84%d8%a5%d9%86%d8%ac%d9%84%d9%8a%d8%b2%d9%8a#MC_MatcheDetails,«·œÊ—Ì «·≈‰Ã·Ì“Ì,«·√”»Ê⁄ «·Œ«„” ⁄‘—,https://www.yallakora.com/epl/2761/match/84637/%d9%88%d9%88%d9%84%d9%81%d8%b1%d9%87%d8%a7%d9%85%d8%a8%d8%aa%d9%88%d9%86-%d8%a8%d8%b1%d8%a7%d9%8a%d8%aa%d9%88%d9%86-%d8%a7%d9%84%d8%af%d9%88%d8%b1%d9%8a-%d8%a7%d9%84%d8%a5%d9%86%d8%ac%d9%84%d9%8a%d8%b2%d9%8a#MC_MatcheDetails,«‰ Â ,ÊÊ·›—Â«„» Ê‰ - »—«Ì Ê‰,3 - 2,17:00,»Ï «‰ ”»Ê—  »—Ì„ÌÊ„ 3
https://www.yallakora.com/epl/2761/tour-hp/%d8%a7%d9%84%d8%af%d9%88%d8%b1%d9%8a-%d8%a7%d9%84%d8%a5%d9%86%d8%ac%d9%84%d9%8a%d8%b2%d9%8a#MC_MatcheDetails,«·œÊ—Ì «·≈‰Ã·Ì“Ì,«·√”»Ê⁄ «·Œ«„” ⁄‘—,https://www.yallakora.com/epl/2761/match/84638/%d8%a7%d9%8a%d9%81%d8%b1%d8%aa%d9%88%d9%86-%d9%84%d9%8a%d8%b3%d8%aa%d8%b1-%d8%b3%d9%8a%d8%aa%d9%8a-%d8%a7%d9%84%d8%af%d9%88%d8%b1%d9%8a-%d8%a7%d9%84%d8%a5%d9%86%d8%ac%d9%84%d9%8a%d8%b2%d9%8a#MC_MatcheDetails,«‰ Â ,«Ì›— Ê‰ - ·Ì” — ”Ì Ì,2 - 0,19:30,»Ï «‰ ”»Ê—  »—Ì„ÌÊ„ 1
https://www.yallakora.com/la-liga/2764/tour-hp/%d8%a7%d9%84%d8%af%d9%88%d8%b1%d9%8a-%d8%a7%d9%84%d8%a5%d8%b3%d8%a8%d8%a7%d9%86%d9%8a#MC_MatcheDetails,«·œÊ—Ì «·≈”»«‰Ì,«·√”»Ê⁄ «·À«·À ⁄‘—,https://www.yallakora.com/la-liga/2764/match/84872/%d8%ae%d9%8a%d8%aa%d8%a7%d9%81%d9%8a-%d9%82%d8%a7%d8%af%d8%b4-%d8%a7%d9%84%d8%af%d9%88%d8%b1%d9%8a-%d8%a7%d9%84%d8%a5%d8%b3%d8%a8%d8%a7%d9%86%d9%8a#MC_MatcheDetails,«‰ Â ,ŒÌ «›Ì - ﬁ«œ‘,0 - 0,15:00,»Ï «‰ ”»Ê—  1HD
https://www.yallakora.com/la-liga/2764/tour-hp/%d8%a7%d9%84%d8%af%d9%88%d8%b1%d9%8a-%d8%a7%d9%84%d8%a5%d8%b3%d8%a8%d8%a7%d9%86%d9%8a#MC_MatcheDetails,«·œÊ—Ì «·≈”»«‰Ì,«·√”»Ê⁄ «·À«·À ⁄‘—,https://www.yallakora.com/la-liga/2764/match/84875/%d8%a8%d9%84%d8%af-%d8%a7%d9%84%d9%88%d9%84%d9%8a%d8%af-%d8%a5%d9%84%d8%aa%d8%b4%d9%8a-%d8%a7%d9%84%d8%af%d9%88%d8%b1%d9%8a-%d8%a7%d9%84%d8%a5%d8%b3%d8%a8%d8%a7%d9%86%d9%8a#MC_MatcheDetails,«‰ Â ,»·œ «·Ê·Ìœ - ≈· ‘Ì,1 - 2,17:15,»Ï «‰ ”»Ê—  1HD
https://www.yallakora.com/la-liga/2764/tour-hp/%d8%a7%d9%84%d8%af%d9%88%d8%b1%d9%8a-%d8%a7%d9%84%d8%a5%d8%b3%d8%a8%d8%a7%d9%86%d9%8a#MC_MatcheDetails,«·œÊ—Ì «·≈”»«‰Ì,«·√”»Ê⁄ «·À«·À ⁄‘—,https://www.yallakora.com/la-liga/2764/match/84871/%d8%b3%d9%8a%d9%84%d8%aa%d8%a7-%d9%81%d9%8a%d8%ac%d9%88-%d8%a3%d9%88%d8%b3%d8%a7%d8%b3%d9%88%d9%86%d8%a7-%d8%a7%d9%84%d8%af%d9%88%d8%b1%d9%8a-%d8%a7%d9%84%d8%a5%d8%b3%d8%a8%d8%a7%d9%86%d9%8a#MC_MatcheDetails,«‰ Â ,”Ì· « ›ÌÃÊ - √Ê”«”Ê‰«,2 - 1,19:30,»Ï «‰ ”»Ê—  1HD
https://www.yallakora.com/la-liga/2764/tour-hp/%d8%a7%d9%84%d8%af%d9%88%d8%b1%d9%8a-%d8%a7%d9%84%d8%a5%d8%b3%d8%a8%d8%a7%d9%86%d9%8a#MC_MatcheDetails,«·œÊ—Ì «·≈”»«‰Ì,«·√”»Ê⁄ «·À«·À ⁄‘—,https://www.yallakora.com/la-liga/2764/match/84870/%d8%a8%d8%b1%d8%b4%d9%84%d9%88%d9%86%d8%a9--%d8%a7%d9%84%d9%85%d9%8a%d8%b1%d9%8a%d8%a7-%d8%a7%d9%84%d8%af%d9%88%d8%b1%d9%8a-%d8%a7%d9%84%d8%a5%d8%b3%d8%a8%d8%a7%d9%86%d9%8a#MC_MatcheDetails,«‰ Â ,»—‘·Ê‰… - «·„Ì—Ì«,0 - 2,22:00,»Ï «‰ ”»Ê—  »—Ì„ÌÊ„ 1
https://www.yallakora.com/serie-a/2765/tour-hp/%d8%a7%d9%84%d8%af%d9%88%d8%b1%d9%8a-%d8%a7%d9%84%d8%a5%d9%8a%d8%b7%d8%a7%d9%84%d9%8a#MC_MatcheDetails,«·œÊ—Ì «·≈Ìÿ«·Ì,«·√”»Ê⁄ «·À«·À ⁄‘—,https://www.yallakora.com/serie-a/2765/match/85121/%d8%a5%d9%85%d8%a8%d9%88%d9%84%d9%8a-%d8%b3%d8%a7%d8%b3%d9%88%d9%84%d9%88-%d8%a7%d9%84%d8%af%d9%88%d8%b1%d9%8a-%d8%a7%d9%84%d8%a5%d9%8a%d8%b7%d8%a7%d9%84%d9%8a#MC_MatcheDetails,«‰ Â ,≈„»Ê·Ì - ”«”Ê·Ê,0 - 1,16:00,Starz Play App
https://www.yallakora.com/serie-a/2765/tour-hp/%d8%a7%d9%84%d8%af%d9%88%d8%b1%d9%8a-%d8%a7%d9%84%d8%a5%d9%8a%d8%b7%d8%a7%d9%84%d9%8a#MC_MatcheDetails,«·œÊ—Ì «·≈Ìÿ«·Ì,«·√”»Ê⁄ «·À«·À ⁄‘—,https://www.yallakora.com/serie-a/2765/match/85122/%d8%b3%d8%a7%d9%84%d9%8a%d8%b1%d9%86%d9%8a%d8%aa%d8%a7%d9%86%d8%a7-%d9%83%d8%b1%d9%8a%d9%85%d9%88%d9%86%d9%8a%d8%b3%d9%8a-%d8%a7%d9%84%d8%af%d9%88%d8%b1%d9%8a-%d8%a7%d9%84%d8%a5%d9%8a%d8%b7%d8%a7%d9%84%d9%8a#MC_MatcheDetails,«‰ Â ,”«·Ì—‰Ì «‰« - ﬂ—Ì„Ê‰Ì”Ì,2 - 2,16:00,Starz Play App
https://www.yallakora.com/serie-a/2765/tour-hp/%d8%a7%d9%84%d8%af%d9%88%d8%b1%d9%8a-%d8%a7%d9%84%d8%a5%d9%8a%d8%b7%d8%a7%d9%84%d9%8a#MC_MatcheDetails,«·œÊ—Ì «·≈Ìÿ«·Ì,«·√”»Ê⁄ «·À«·À ⁄‘—,https://www.yallakora.com/serie-a/2765/match/85123/%d8%a3%d8%aa%d8%a7%d9%84%d8%a7%d9%86%d8%aa%d8%a7-%d9%86%d8%a7%d8%a8%d9%88%d9%84%d9%8a-%d8%a7%d9%84%d8%af%d9%88%d8%b1%d9%8a-%d8%a7%d9%84%d8%a5%d9%8a%d8%b7%d8%a7%d9%84%d9%8a#MC_MatcheDetails,«‰ Â ,√ «·«‰ « - ‰«»Ê·Ì,2 - 1,19:00,Starz Play App
https://www.yallakora.com/serie-a/2765/tour-hp/%d8%a7%d9%84%d8%af%d9%88%d8%b1%d9%8a-%d8%a7%d9%84%d8%a5%d9%8a%d8%b7%d8%a7%d9%84%d9%8a#MC_MatcheDetails,«·œÊ—Ì «·≈Ìÿ«·Ì,«·√”»Ê⁄ «·À«·À ⁄‘—,https://www.yallakora.com/serie-a/2765/match/85124/%d9%85%d9%8a%d9%84%d8%a7%d9%86-%d8%b3%d8%a8%d9%8a%d8%b2%d9%8a%d8%a7-%d9%83%d8%a7%d9%84%d8%aa%d8%b4%d9%88-%d8%a7%d9%84%d8%af%d9%88%d8%b1%d9%8a-%d8%a7%d9%84%d8%a5%d9%8a%d8%b7%d8%a7%d9%84%d9%8a#MC_MatcheDetails,«‰ Â ,„Ì·«‰ - ”»Ì“Ì« ﬂ«· ‘Ê,1 - 2,21:45,Starz Play App
https://www.yallakora.com/bundesliga/2769/tour-hp/%d8%a7%d9%84%d8%af%d9%88%d8%b1%d9%8a-%d8%a7%d9%84%d8%a3%d9%84%d9%85%d8%a7%d9%86%d9%8a#MC_MatcheDetails,«·œÊ—Ì «·√·„«‰Ì,«·√”»Ê⁄ «·À«·À ⁄‘—,https://www.yallakora.com/bundesliga/2769/match/83135/%d8%a3%d9%88%d8%ac%d8%b3%d8%a8%d9%88%d8%b1%d8%ac-%d8%a2-%d9%81%d8%b1%d8%a7%d9%86%d9%83%d9%81%d9%88%d8%b1%d8%aa--%d8%a7%d9%84%d8%af%d9%88%d8%b1%d9%8a-%d8%a7%d9%84%d8%a3%d9%84%d9%85%d8%a7%d9%86%d9%8a#MC_MatcheDetails,«‰ Â ,√ÊÃ”»Ê—Ã - ¬. ›—«‰ﬂ›Ê— ,2 - 1,16:30,-
https://www.yallakora.com/bundesliga/2769/tour-hp/%d8%a7%d9%84%d8%af%d9%88%d8%b1%d9%8a-%d8%a7%d9%84%d8%a3%d9%84%d9%85%d8%a7%d9%86%d9%8a#MC_MatcheDetails,«·œÊ—Ì «·√·„«‰Ì,«·√”»Ê⁄ «·À«·À ⁄‘—,https://www.yallakora.com/bundesliga/2769/match/85294/%d9%87%d9%8a%d8%b1%d8%aa%d8%a7-%d8%a8%d8%b1%d9%84%d9%8a%d9%86-%d8%a8%d8%a7%d9%8a%d8%b1%d9%86-%d9%85%d9%8a%d9%88%d9%86%d9%8a%d8%ae-%d8%a7%d9%84%d8%af%d9%88%d8%b1%d9%8a-%d8%a7%d9%84%d8%a3%d9%84%d9%85%d8%a7%d9%86%d9%8a#MC_MatcheDetails,«‰ Â ,ÂÌ— « »—·Ì‰ - »«Ì—‰ „ÌÊ‰ÌŒ,3 - 2,16:30,»Ï «‰ ”»Ê—  3 HD
https://www.yallakora.com/bundesliga/2769/tour-hp/%d8%a7%d9%84%d8%af%d9%88%d8%b1%d9%8a-%d8%a7%d9%84%d8%a3%d9%84%d9%85%d8%a7%d9%86%d9%8a#MC_MatcheDetails,«·œÊ—Ì «·√·„«‰Ì,«·√”»Ê⁄ «·À«·À ⁄‘—,https://www.yallakora.com/bundesliga/2769/match/85295/%d8%a8%d8%b1%d9%88%d8%b3%d9%8a%d8%a7-%d8%af%d9%88%d8%b1%d8%aa%d9%85%d9%88%d9%86%d8%af--%d8%a8%d9%88%d8%ae%d9%88%d9%85-%d8%a7%d9%84%d8%af%d9%88%d8%b1%d9%8a-%d8%a7%d9%84%d8%a3%d9%84%d9%85%d8%a7%d9%86%d9%8a#MC_MatcheDetails,«‰ Â ,»—Ê”Ì« œÊ— „Ê‰œ - »ÊŒÊ„,0 - 3,16:30,»Ï «‰ ”»Ê—  7 HD
https://www.yallakora.com/bundesliga/2769/tour-hp/%d8%a7%d9%84%d8%af%d9%88%d8%b1%d9%8a-%d8%a7%d9%84%d8%a3%d9%84%d9%85%d8%a7%d9%86%d9%8a#MC_MatcheDetails,«·œÊ—Ì «·√·„«‰Ì,«·√”»Ê⁄ «·À«·À ⁄‘—,https://www.yallakora.com/bundesliga/2769/match/85296/%d9%85%d8%a7%d9%8a%d9%86%d8%b2-%d9%81%d9%88%d9%84%d9%81%d8%b3%d8%a8%d9%88%d8%b1%d8%ac-%d8%a7%d9%84%d8%af%d9%88%d8%b1%d9%8a-%d8%a7%d9%84%d8%a3%d9%84%d9%85%d8%a7%d9%86%d9%8a#MC_MatcheDetails,«‰ Â ,„«Ì‰“ - ›Ê·›”»Ê—Ã,3 - 0,16:30,-
https://www.yallakora.com/bundesliga/2769/tour-hp/%d8%a7%d9%84%d8%af%d9%88%d8%b1%d9%8a-%d8%a7%d9%84%d8%a3%d9%84%d9%85%d8%a7%d9%86%d9%8a#MC_MatcheDetails,«·œÊ—Ì «·√·„«‰Ì,«·√”»Ê⁄ «·À«·À ⁄‘—,https://www.yallakora.com/bundesliga/2769/match/85297/%d9%87%d9%88%d9%81%d9%86%d9%87%d8%a7%d9%8a%d9%85-%d9%84%d8%a7%d9%8a%d8%a8%d8%b2%d9%8a%d8%ac-%d8%a7%d9%84%d8%af%d9%88%d8%b1%d9%8a-%d8%a7%d9%84%d8%a3%d9%84%d9%85%d8%a7%d9%86%d9%8a#MC_MatcheDetails,«‰ Â ,ÂÊ›‰Â«Ì„ - ·«Ì»“ÌÃ,3 - 1,16:30,-
https://www.yallakora.com/bundesliga/2769/tour-hp/%d8%a7%d9%84%d8%af%d9%88%d8%b1%d9%8a-%d8%a7%d9%84%d8%a3%d9%84%d9%85%d8%a7%d9%86%d9%8a#MC_MatcheDetails,«·œÊ—Ì «·√·„«‰Ì,«·√”»Ê⁄ «·À«·À ⁄‘—,https://www.yallakora.com/bundesliga/2769/match/85298/%d9%81%d9%8a%d8%b1%d8%af%d8%b1-%d8%a8%d8%b1%d9%8a%d9%85%d9%86-%d8%b4%d8%a7%d9%84%d9%83%d9%87-%d8%a7%d9%84%d8%af%d9%88%d8%b1%d9%8a-%d8%a7%d9%84%d8%a3%d9%84%d9%85%d8%a7%d9%86%d9%8a#MC_MatcheDetails,«‰ Â ,›Ì—œ— »—Ì„‰ - ‘«·ﬂÂ,1 - 2,19:30,»Ï «‰ ”»Ê—  3 HD
https://www.yallakora.com/ligue1/2768/tour-hp/%d8%a7%d9%84%d8%af%d9%88%d8%b1%d9%8a-%d8%a7%d9%84%d9%81%d8%b1%d9%86%d8%b3%d9%8a#MC_MatcheDetails,«·œÊ—Ì «·›—‰”Ì,«·√”»Ê⁄ «·—«»⁄ ⁄‘—,https://www.yallakora.com/ligue1/2768/match/84940/%d8%a7%d8%ac%d8%a7%d9%83%d8%b3%d9%8a%d9%88-%d8%b3%d8%aa%d8%b1%d8%a7%d8%b3%d8%a8%d9%88%d8%b1%d8%ac-%d8%a7%d9%84%d8%af%d9%88%d8%b1%d9%8a-%d8%a7%d9%84%d9%81%d8%b1%d9%86%d8%b3%d9%8a#MC_MatcheDetails,«‰ Â ,«Ã«ﬂ”ÌÊ - ” —«”»Ê—Ã,2 - 4,18:00,»Ï «‰ ”»Ê—  2 HD
https://www.yallakora.com/ligue1/2768/tour-hp/%d8%a7%d9%84%d8%af%d9%88%d8%b1%d9%8a-%d8%a7%d9%84%d9%81%d8%b1%d9%86%d8%b3%d9%8a#MC_MatcheDetails,«·œÊ—Ì «·›—‰”Ì,«·√”»Ê⁄ «·—«»⁄ ⁄‘—,https://www.yallakora.com/ligue1/2768/match/84941/%d8%a3%d9%86%d8%ac%d9%8a%d9%87-%d9%84%d8%a7%d9%86%d8%b3-%d8%a7%d9%84%d8%af%d9%88%d8%b1%d9%8a-%d8%a7%d9%84%d9%81%d8%b1%d9%86%d8%b3%d9%8a#MC_MatcheDetails,«‰ Â ,√‰ÃÌÂ - ·«‰”,2 - 1,22:00,»Ï «‰ ”»Ê—  2 HD
https://www.yallakora.com/turkish-super-lig/2770/tour-hp/%d8%a7%d9%84%d8%af%d9%88%d8%b1%d9%8a-%d8%a7%d9%84%d8%aa%d8%b1%d9%83%d9%8a#MC_MatcheDetails,«·œÊ—Ì «· —ﬂÌ,«·√”»Ê⁄ «·À«·À ⁄‘—,https://www.yallakora.com/turkish-super-lig/2770/match/85325/%d8%ac%d9%8a%d8%b1%d8%b3%d9%88%d9%86-%d8%b3%d8%a8%d9%88%d8%b1-%d8%a5%d8%b3%d8%b7%d9%86%d8%a8%d9%88%d9%84-%d8%b3%d8%a8%d9%88%d8%b1-%d8%a7%d9%84%d8%af%d9%88%d8%b1%d9%8a-%d8%a7%d9%84%d8%aa%d8%b1%d9%83%d9%8a#MC_MatcheDetails,«‰ Â ,ÃÌ—”Ê‰ ”»Ê— - ≈”ÿ‰»Ê· ”»Ê—,2 - 3,13:30,-
https://www.yallakora.com/turkish-super-lig/2770/tour-hp/%d8%a7%d9%84%d8%af%d9%88%d8%b1%d9%8a-%d8%a7%d9%84%d8%aa%d8%b1%d9%83%d9%8a#MC_MatcheDetails,«·œÊ—Ì «· —ﬂÌ,«·√”»Ê⁄ «·À«·À ⁄‘—,https://www.yallakora.com/turkish-super-lig/2770/match/85327/%d8%ac%d8%a7%d9%84%d8%a7%d8%aa%d8%a7-%d8%b3%d8%b1%d8%a7%d9%8a-%d8%a8%d8%b4%d9%83%d8%aa%d8%a7%d8%b4-%d8%a7%d9%84%d8%af%d9%88%d8%b1%d9%8a-%d8%a7%d9%84%d8%aa%d8%b1%d9%83%d9%8a#MC_MatcheDetails,«‰ Â ,Ã«·« « ”—«Ì - »‘ﬂ «‘,1 - 2,19:00,-
https://www.yallakora.com/primeira-liga/2775/tour-hp/%d8%a7%d9%84%d8%af%d9%88%d8%b1%d9%8a-%d8%a7%d9%84%d8%a8%d8%b1%d8%aa%d8%ba%d8%a7%d9%84%d9%8a#MC_MatcheDetails,«·œÊ—Ì «·»— €«·Ì,«·√”»Ê⁄ «·À«‰Ì ⁄‘—,https://www.yallakora.com/primeira-liga/2775/match/85232/%d9%81%d9%8a%d8%b2%d9%8a%d9%84%d8%a7--%d8%a3%d8%b1%d9%88%d9%83%d8%a7-%d8%a7%d9%84%d8%af%d9%88%d8%b1%d9%8a-%d8%a7%d9%84%d8%a8%d8%b1%d8%aa%d8%ba%d8%a7%d9%84%d9%8a#MC_MatcheDetails,«‰ Â ,›Ì“Ì·« - √—Êﬂ«,1 - 0,17:30,-
https://www.yallakora.com/primeira-liga/2775/tour-hp/%d8%a7%d9%84%d8%af%d9%88%d8%b1%d9%8a-%d8%a7%d9%84%d8%a8%d8%b1%d8%aa%d8%ba%d8%a7%d9%84%d9%8a#MC_MatcheDetails,«·œÊ—Ì «·»— €«·Ì,«·√”»Ê⁄ «·À«‰Ì ⁄‘—,https://www.yallakora.com/primeira-liga/2775/match/85233/%d8%a8%d9%88%d8%b1%d8%aa%d9%88-%d8%a8%d8%a7%d9%83%d9%88%d8%b3-%d9%81%d9%8a%d8%b1%d9%8a%d8%b1%d8%a7-%d8%a7%d9%84%d8%af%d9%88%d8%b1%d9%8a-%d8%a7%d9%84%d8%a8%d8%b1%d8%aa%d8%ba%d8%a7%d9%84%d9%8a#MC_MatcheDetails,«‰ Â ,»Ê— Ê - »«ﬂÊ” ›Ì—Ì—«,0 - 4,20:00,-
https://www.yallakora.com/primeira-liga/2775/tour-hp/%d8%a7%d9%84%d8%af%d9%88%d8%b1%d9%8a-%d8%a7%d9%84%d8%a8%d8%b1%d8%aa%d8%ba%d8%a7%d9%84%d9%8a#MC_MatcheDetails,«·œÊ—Ì «·»— €«·Ì,«·√”»Ê⁄ «·À«‰Ì ⁄‘—,https://www.yallakora.com/primeira-liga/2775/match/85234/%d8%b3%d8%a8%d9%88%d8%b1%d8%aa%d9%8a%d9%86%d8%ac-%d9%84%d8%b4%d8%a8%d9%88%d9%86%d8%a9-%d9%81%d9%8a%d8%aa%d9%88%d8%b1%d9%8a%d8%a7-%d8%ac%d9%8a%d9%85%d8%a7%d8%b1%d9%8a%d8%b4-%d8%a7%d9%84%d8%af%d9%88%d8%b1%d9%8a-%d8%a7%d9%84%d8%a8%d8%b1%d8%aa%d8%ba%d8%a7%d9%84%d9%8a#MC_MatcheDetails,«‰ Â ,”»Ê— Ì‰Ã ·‘»Ê‰… - ›Ì Ê—Ì« ÃÌ„«—Ì‘,0 - 3,22:30,-
https://www.yallakora.com/tunisian-league/2799/tour-hp/%d8%a7%d9%84%d8%af%d9%88%d8%b1%d9%8a-%d8%a7%d9%84%d8%aa%d9%88%d9%86%d8%b3%d9%8a#MC_MatcheDetails,«·œÊ—Ì «· Ê‰”Ì,«·√”»Ê⁄ «·”«œ”,https://www.yallakora.com/tunisian-league/2799/match/85351/%d8%a7%d9%84%d8%aa%d8%b1%d8%ac%d9%89-%d8%a7%d9%84%d8%b1%d9%8a%d8%a7%d8%b6%d9%8a-%d8%a7%d8%aa%d8%ad%d8%a7%d8%af-%d8%aa%d8%b7%d8%a7%d9%88%d9%8a%d9%86-%d8%a7%d9%84%d8%af%d9%88%d8%b1%d9%8a-%d8%a7%d9%84%d8%aa%d9%88%d9%86%d8%b3%d9%8a#MC_MatcheDetails,«‰ Â ,«· —ÃÏ «·—Ì«÷Ì - « Õ«œ  ÿ«ÊÌ‰,0 - 3,15:30,-
https://www.yallakora.com/tunisian-league/2799/tour-hp/%d8%a7%d9%84%d8%af%d9%88%d8%b1%d9%8a-%d8%a7%d9%84%d8%aa%d9%88%d9%86%d8%b3%d9%8a#MC_MatcheDetails,«·œÊ—Ì «· Ê‰”Ì,«·√”»Ê⁄ «·”«œ”,https://www.yallakora.com/tunisian-league/2799/match/85413/%d8%a7%d9%84%d9%86%d8%ac%d9%85-%d8%a7%d9%84%d8%b3%d8%a7%d8%ad%d9%84%d9%89--%d9%87%d9%84%d8%a7%d9%84-%d8%b4%d8%a7%d8%a8%d8%a9-%d8%a7%d9%84%d8%af%d9%88%d8%b1%d9%8a-%d8%a7%d9%84%d8%aa%d9%88%d9%86%d8%b3%d9%8a#MC_MatcheDetails,«‰ Â ,«·‰Ã„ «·”«Õ·Ï - Â·«· ‘«»…,0 - 3,15:30,-
https://www.yallakora.com/uael-league/2781/tour-hp/%d8%a7%d9%84%d8%af%d9%88%d8%b1%d9%8a-%d8%a7%d9%84%d8%a5%d9%85%d8%a7%d8%b1%d8%a7%d8%aa%d9%8a#MC_MatcheDetails,«·œÊ—Ì «·≈„«—« Ì,«·√”»Ê⁄ «· «”⁄,https://www.yallakora.com/uael-league/2781/match/85311/%d8%a7%d9%84%d8%b8%d9%81%d8%b1%d8%a9-%d8%a7%d9%84%d8%b4%d9%80%d9%80%d8%a7%d8%b1%d9%82%d8%a9-%d8%a7%d9%84%d8%af%d9%88%d8%b1%d9%8a-%d8%a7%d9%84%d8%a5%d9%85%d8%a7%d8%b1%d8%a7%d8%aa%d9%8a#MC_MatcheDetails,«‰ Â ,«·Ÿ›—… - «·‘‹‹«—ﬁ…,1 - 0,14:45,-
https://www.yallakora.com/uael-league/2781/tour-hp/%d8%a7%d9%84%d8%af%d9%88%d8%b1%d9%8a-%d8%a7%d9%84%d8%a5%d9%85%d8%a7%d8%b1%d8%a7%d8%aa%d9%8a#MC_MatcheDetails,«·œÊ—Ì «·≈„«—« Ì,«·√”»Ê⁄ «· «”⁄,https://www.yallakora.com/uael-league/2781/match/85312/%d8%a7%d9%84%d9%88%d8%ad%d9%80%d9%80%d9%80%d8%af%d8%a9--%d8%af%d8%a8%d8%a7-%d8%a7%d9%84%d8%af%d9%88%d8%b1%d9%8a-%d8%a7%d9%84%d8%a5%d9%85%d8%a7%d8%b1%d8%a7%d8%aa%d9%8a#MC_MatcheDetails,«‰ Â ,«·ÊÕ‹‹‹œ… - œ»«,0 - 3,14:45,-
https://www.yallakora.com/uael-league/2781/tour-hp/%d8%a7%d9%84%d8%af%d9%88%d8%b1%d9%8a-%d8%a7%d9%84%d8%a5%d9%85%d8%a7%d8%b1%d8%a7%d8%aa%d9%8a#MC_MatcheDetails,«·œÊ—Ì «·≈„«—« Ì,«·√”»Ê⁄ «· «”⁄,https://www.yallakora.com/uael-league/2781/match/85313/%d8%a7%d9%84%d9%88%d8%b5%d9%84-%d8%b9%d8%ac%d9%85%d8%a7%d9%86-%d8%a7%d9%84%d8%af%d9%88%d8%b1%d9%8a-%d8%a7%d9%84%d8%a5%d9%85%d8%a7%d8%b1%d8%a7%d8%aa%d9%8a#MC_MatcheDetails,«‰ Â ,«·Ê’· - ⁄Ã„«‰,1 - 2,17:30,-
https://www.yallakora.com/uael-league/2781/tour-hp/%d8%a7%d9%84%d8%af%d9%88%d8%b1%d9%8a-%d8%a7%d9%84%d8%a5%d9%85%d8%a7%d8%b1%d8%a7%d8%aa%d9%8a#MC_MatcheDetails,«·œÊ—Ì «·≈„«—« Ì,«·√”»Ê⁄ «· «”⁄,https://www.yallakora.com/uael-league/2781/match/85314/%d8%a7%d8%aa%d8%ad%d8%a7%d8%af-%d9%83%d9%84%d8%a8%d8%a7%d8%a1-%d8%a8%d9%86%d9%8a-%d9%8a%d8%a7%d8%b3-%d8%a7%d9%84%d8%af%d9%88%d8%b1%d9%8a-%d8%a7%d9%84%d8%a5%d9%85%d8%a7%d8%b1%d8%a7%d8%aa%d9%8a#MC_MatcheDetails,«‰ Â ,« Õ«œ ﬂ·»«¡ - »‰Ì Ì«”,1 - 2,17:30,-
https://www.yallakora.com/morrocan-league/2794/tour-hp/%d8%a7%d9%84%d8%af%d9%88%d8%b1%d9%8a-%d8%a7%d9%84%d9%85%d8%ba%d8%b1%d8%a8%d9%8a#MC_MatcheDetails,«·œÊ—Ì «·„€—»Ì,«·√”»Ê⁄ «·À«„‰,https://www.yallakora.com/morrocan-league/2794/match/85384/%d8%a7%d9%84%d8%b4%d8%a8%d8%a7%d8%a8-%d8%a7%d9%84%d8%b1%d9%8a%d8%a7%d8%b6%d9%8a-%d8%a7%d9%84%d8%b3%d8%a7%d9%84%d9%85%d9%8a-%d8%a7%d9%84%d8%b1%d8%ac%d8%a7%d8%a1-%d8%a7%d9%84%d8%a8%d9%8a%d8%b6%d8%a7%d9%88%d9%8a-%d8%a7%d9%84%d8%af%d9%88%d8%b1%d9%8a-%d8%a7%d9%84%d9%85%d8%ba%d8%b1%d8%a8%d9%8a#MC_MatcheDetails,«‰ Â ,«·‘»«» «·—Ì«÷Ì «·”«·„Ì - «·—Ã«¡ «·»Ì÷«ÊÌ,4 - 1,17:00,-
https://www.yallakora.com/morrocan-league/2794/tour-hp/%d8%a7%d9%84%d8%af%d9%88%d8%b1%d9%8a-%d8%a7%d9%84%d9%85%d8%ba%d8%b1%d8%a8%d9%8a#MC_MatcheDetails,«·œÊ—Ì «·„€—»Ì,«·√”»Ê⁄ «·À«„‰,https://www.yallakora.com/morrocan-league/2794/match/85385/%d8%a7%d9%84%d9%85%d8%ba%d8%b1%d8%a8-%d8%a7%d9%84%d9%81%d8%a7%d8%b3%d9%8a-%d9%85%d9%88%d9%84%d9%88%d8%af%d9%8a%d8%a9-%d9%88%d8%ac%d8%af%d8%a9-%d8%a7%d9%84%d8%af%d9%88%d8%b1%d9%8a-%d8%a7%d9%84%d9%85%d8%ba%d8%b1%d8%a8%d9%8a#MC_MatcheDetails,«‰ Â ,«·„€—» «·›«”Ì - „Ê·ÊœÌ… ÊÃœ…,1 - 2,19:00,-
