—«»ÿ «·»ÿÊ·…,⁄‰Ê«‰ «·»ÿÊ·…,„—Õ·… «·»ÿÊ·…,—«»ÿ «·„»«—«…,Õ«·… «·„»«—«…,«·›—ﬁ,«·‰ ÌÃ…,Êﬁ  «·„»«—«…
https://www.yallakora.com/egyptian-league/2795/tour-hp/%d8%a7%d9%84%d8%af%d9%88%d8%b1%d9%8a-%d8%a7%d9%84%d9%85%d8%b5%d8%b1%d9%8a#MC_MatcheDetails,«·œÊ—Ì «·„’—Ì,«·√”»Ê⁄ «·”«»⁄ ⁄‘—,https://www.yallakora.com/egyptian-league/2795/match/86213/%d8%ba%d8%b2%d9%84-%d8%a7%d9%84%d9%85%d8%ad%d9%84%d8%a9-%d8%ad%d8%b1%d8%b3-%d8%a7%d9%84%d8%ad%d8%af%d9%88%d8%af-%d8%a7%d9%84%d8%af%d9%88%d8%b1%d9%8a-%d8%a7%d9%84%d9%85%d8%b5%d8%b1%d9%8a#MC_MatcheDetails,«‰ Â ,€“· «·„Õ·… - Õ—” «·ÕœÊœ,2 - 1,14:45
https://www.yallakora.com/egyptian-league/2795/tour-hp/%d8%a7%d9%84%d8%af%d9%88%d8%b1%d9%8a-%d8%a7%d9%84%d9%85%d8%b5%d8%b1%d9%8a#MC_MatcheDetails,«·œÊ—Ì «·„’—Ì,«·√”»Ê⁄ «·”«»⁄ ⁄‘—,https://www.yallakora.com/egyptian-league/2795/match/86211/%d8%a7%d9%84%d8%af%d8%a7%d8%ae%d9%84%d9%8a%d8%a9-%d8%a3%d8%b3%d9%88%d8%a7%d9%86-%d8%a7%d9%84%d8%af%d9%88%d8%b1%d9%8a-%d8%a7%d9%84%d9%85%d8%b5%d8%b1%d9%8a#MC_MatcheDetails,«‰ Â ,«·œ«Œ·Ì… - √”Ê«‰,2 - 1,14:45
https://www.yallakora.com/egyptian-league/2795/tour-hp/%d8%a7%d9%84%d8%af%d9%88%d8%b1%d9%8a-%d8%a7%d9%84%d9%85%d8%b5%d8%b1%d9%8a#MC_MatcheDetails,«·œÊ—Ì «·„’—Ì,«·√”»Ê⁄ «·”«»⁄ ⁄‘—,https://www.yallakora.com/egyptian-league/2795/match/86212/%d8%a7%d9%84%d8%a7%d8%aa%d8%ad%d8%a7%d8%af-%d8%a7%d9%84%d8%b3%d9%83%d9%86%d8%af%d8%b1%d9%8a-%d8%a7%d9%84%d8%a5%d8%b3%d9%85%d8%a7%d8%b9%d9%8a%d9%84%d9%8a-%d8%a7%d9%84%d8%af%d9%88%d8%b1%d9%8a-%d8%a7%d9%84%d9%85%d8%b5%d8%b1%d9%8a#MC_MatcheDetails,«‰ Â ,«·« Õ«œ «·”ﬂ‰œ—Ì - «·≈”„«⁄Ì·Ì,1 - 1,19:00
https://www.yallakora.com/egyptian-league/2795/tour-hp/%d8%a7%d9%84%d8%af%d9%88%d8%b1%d9%8a-%d8%a7%d9%84%d9%85%d8%b5%d8%b1%d9%8a#MC_MatcheDetails,«·œÊ—Ì «·„’—Ì,«·√”»Ê⁄ «·”«»⁄ ⁄‘—,https://www.yallakora.com/egyptian-league/2795/match/86214/%d8%b3%d9%8a%d8%b1%d8%a7%d9%85%d9%8a%d9%83%d8%a7-%d9%83%d9%84%d9%8a%d9%88%d8%a8%d8%a7%d8%aa%d8%b1%d8%a7-%d8%a5%d9%86%d8%a8%d9%8a-%d8%a7%d9%84%d8%af%d9%88%d8%b1%d9%8a-%d8%a7%d9%84%d9%85%d8%b5%d8%b1%d9%8a#MC_MatcheDetails,«‰ Â ,”Ì—«„Ìﬂ« ﬂ·ÌÊ»« —« - ≈‰»Ì,1 - 0,19:00
https://www.yallakora.com/epl/2761/tour-hp/%d8%a7%d9%84%d8%af%d9%88%d8%b1%d9%8a-%d8%a7%d9%84%d8%a5%d9%86%d8%ac%d9%84%d9%8a%d8%b2%d9%8a#MC_MatcheDetails,«·œÊ—Ì «·≈‰Ã·Ì“Ì,«·√”»Ê⁄ «·À«‰Ì Ê«·⁄‘—Ê‰,https://www.yallakora.com/epl/2761/match/86120/%d9%86%d9%88%d8%aa%d9%8a%d9%86%d8%ac%d9%87%d8%a7%d9%85-%d9%81%d9%88%d8%b1%d8%b3%d8%aa-%d9%84%d9%8a%d8%af%d8%b2-%d9%8a%d9%88%d9%86%d8%a7%d9%8a%d8%aa%d8%af-%d8%a7%d9%84%d8%af%d9%88%d8%b1%d9%8a-%d8%a7%d9%84%d8%a5%d9%86%d8%ac%d9%84%d9%8a%d8%b2%d9%8a#MC_MatcheDetails,«‰ Â ,‰Ê Ì‰ÃÂ«„ ›Ê—”  - ·Ìœ“ ÌÊ‰«Ì œ,0 - 1,16:00
https://www.yallakora.com/epl/2761/tour-hp/%d8%a7%d9%84%d8%af%d9%88%d8%b1%d9%8a-%d8%a7%d9%84%d8%a5%d9%86%d8%ac%d9%84%d9%8a%d8%b2%d9%8a#MC_MatcheDetails,«·œÊ—Ì «·≈‰Ã·Ì“Ì,«·√”»Ê⁄ «·À«‰Ì Ê«·⁄‘—Ê‰,https://www.yallakora.com/epl/2761/match/86121/%d8%aa%d9%88%d8%aa%d9%86%d9%87%d8%a7%d9%85-%d9%87%d9%88%d8%aa%d8%b3%d8%a8%d8%b1-%d9%85%d8%a7%d9%86%d8%b4%d8%b3%d8%aa%d8%b1-%d8%b3%d9%8a%d8%aa%d9%8a-%d8%a7%d9%84%d8%af%d9%88%d8%b1%d9%8a-%d8%a7%d9%84%d8%a5%d9%86%d8%ac%d9%84%d9%8a%d8%b2%d9%8a#MC_MatcheDetails,«‰ Â , Ê ‰Â«„ ÂÊ ”»— - „«‰‘” — ”Ì Ì,0 - 1,18:30
https://www.yallakora.com/la-liga/2764/tour-hp/%d8%a7%d9%84%d8%af%d9%88%d8%b1%d9%8a-%d8%a7%d9%84%d8%a5%d8%b3%d8%a8%d8%a7%d9%86%d9%8a#MC_MatcheDetails,«·œÊ—Ì «·≈”»«‰Ì,«·√”»Ê⁄ «·⁄‘—Ê‰,https://www.yallakora.com/la-liga/2764/match/86725/%d9%85%d8%a7%d9%8a%d9%88%d8%b1%d9%83%d8%a7--%d8%b1%d9%8a%d8%a7%d9%84-%d9%85%d8%af%d8%b1%d9%8a%d8%af-%d8%a7%d9%84%d8%af%d9%88%d8%b1%d9%8a-%d8%a7%d9%84%d8%a5%d8%b3%d8%a8%d8%a7%d9%86%d9%8a#MC_MatcheDetails,«‰ Â ,„«ÌÊ—ﬂ« - —Ì«· „œ—Ìœ,0 - 1,15:00
https://www.yallakora.com/la-liga/2764/tour-hp/%d8%a7%d9%84%d8%af%d9%88%d8%b1%d9%8a-%d8%a7%d9%84%d8%a5%d8%b3%d8%a8%d8%a7%d9%86%d9%8a#MC_MatcheDetails,«·œÊ—Ì «·≈”»«‰Ì,«·√”»Ê⁄ «·⁄‘—Ê‰,https://www.yallakora.com/la-liga/2764/match/86726/%d8%ac%d9%8a%d8%b1%d9%88%d9%86%d8%a7-%d9%81%d8%a7%d9%84%d9%86%d8%b3%d9%8a%d8%a7--%d8%a7%d9%84%d8%af%d9%88%d8%b1%d9%8a-%d8%a7%d9%84%d8%a5%d8%b3%d8%a8%d8%a7%d9%86%d9%8a#MC_MatcheDetails,«‰ Â ,ÃÌ—Ê‰« - ›«·‰”Ì«,0 - 1,17:15
https://www.yallakora.com/la-liga/2764/tour-hp/%d8%a7%d9%84%d8%af%d9%88%d8%b1%d9%8a-%d8%a7%d9%84%d8%a5%d8%b3%d8%a8%d8%a7%d9%86%d9%8a#MC_MatcheDetails,«·œÊ—Ì «·≈”»«‰Ì,«·√”»Ê⁄ «·⁄‘—Ê‰,https://www.yallakora.com/la-liga/2764/match/86727/%d8%b1%d9%8a%d8%a7%d9%84-%d8%b3%d9%88%d8%b3%d9%8a%d8%af%d8%a7%d8%af-%d8%a8%d9%84%d8%af-%d8%a7%d9%84%d9%88%d9%84%d9%8a%d8%af-%d8%a7%d9%84%d8%af%d9%88%d8%b1%d9%8a-%d8%a7%d9%84%d8%a5%d8%b3%d8%a8%d8%a7%d9%86%d9%8a#MC_MatcheDetails,«‰ Â ,—Ì«· ”Ê”Ìœ«œ - »·œ «·Ê·Ìœ,1 - 0,19:30
https://www.yallakora.com/la-liga/2764/tour-hp/%d8%a7%d9%84%d8%af%d9%88%d8%b1%d9%8a-%d8%a7%d9%84%d8%a5%d8%b3%d8%a8%d8%a7%d9%86%d9%8a#MC_MatcheDetails,«·œÊ—Ì «·≈”»«‰Ì,«·√”»Ê⁄ «·⁄‘—Ê‰,https://www.yallakora.com/la-liga/2764/match/86728/%d8%a8%d8%b1%d8%b4%d9%84%d9%88%d9%86%d8%a9--%d8%a7%d8%b4%d8%a8%d9%8a%d9%84%d9%8a%d8%a9--%d8%a7%d9%84%d8%af%d9%88%d8%b1%d9%8a-%d8%a7%d9%84%d8%a5%d8%b3%d8%a8%d8%a7%d9%86%d9%8a#MC_MatcheDetails,«‰ Â ,»—‘·Ê‰… - «‘»Ì·Ì…,0 - 3,22:00
https://www.yallakora.com/serie-a/2765/tour-hp/%d8%a7%d9%84%d8%af%d9%88%d8%b1%d9%8a-%d8%a7%d9%84%d8%a5%d9%8a%d8%b7%d8%a7%d9%84%d9%8a#MC_MatcheDetails,«·œÊ—Ì «·≈Ìÿ«·Ì,«·√”»Ê⁄ «·Õ«œÌ Ê«·⁄‘—Ê‰,https://www.yallakora.com/serie-a/2765/match/86802/%d8%b3%d8%a8%d9%8a%d8%b2%d9%8a%d8%a7-%d9%83%d8%a7%d9%84%d8%aa%d8%b4%d9%88-%d9%86%d8%a7%d8%a8%d9%88%d9%84%d9%8a-%d8%a7%d9%84%d8%af%d9%88%d8%b1%d9%8a-%d8%a7%d9%84%d8%a5%d9%8a%d8%b7%d8%a7%d9%84%d9%8a#MC_MatcheDetails,«‰ Â ,”»Ì“Ì« ﬂ«· ‘Ê - ‰«»Ê·Ì,3 - 0,13:30
https://www.yallakora.com/serie-a/2765/tour-hp/%d8%a7%d9%84%d8%af%d9%88%d8%b1%d9%8a-%d8%a7%d9%84%d8%a5%d9%8a%d8%b7%d8%a7%d9%84%d9%8a#MC_MatcheDetails,«·œÊ—Ì «·≈Ìÿ«·Ì,«·√”»Ê⁄ «·Õ«œÌ Ê«·⁄‘—Ê‰,https://www.yallakora.com/serie-a/2765/match/86803/%d8%aa%d9%88%d8%b1%d9%8a%d9%86%d9%88-%d8%a3%d9%88%d8%af%d9%8a%d9%86%d9%8a%d8%b2%d9%8a-%d8%a7%d9%84%d8%af%d9%88%d8%b1%d9%8a-%d8%a7%d9%84%d8%a5%d9%8a%d8%b7%d8%a7%d9%84%d9%8a#MC_MatcheDetails,«‰ Â , Ê—Ì‰Ê - √ÊœÌ‰Ì“Ì,0 - 1,16:00
https://www.yallakora.com/serie-a/2765/tour-hp/%d8%a7%d9%84%d8%af%d9%88%d8%b1%d9%8a-%d8%a7%d9%84%d8%a5%d9%8a%d8%b7%d8%a7%d9%84%d9%8a#MC_MatcheDetails,«·œÊ—Ì «·≈Ìÿ«·Ì,«·√”»Ê⁄ «·Õ«œÌ Ê«·⁄‘—Ê‰,https://www.yallakora.com/serie-a/2765/match/86804/%d9%81%d9%8a%d9%88%d8%b1%d9%86%d8%aa%d9%8a%d9%86%d8%a7-%d8%a8%d9%88%d9%84%d9%88%d9%86%d9%8a%d8%a7-%d8%a7%d9%84%d8%af%d9%88%d8%b1%d9%8a-%d8%a7%d9%84%d8%a5%d9%8a%d8%b7%d8%a7%d9%84%d9%8a#MC_MatcheDetails,«‰ Â ,›ÌÊ—‰ Ì‰« - »Ê·Ê‰Ì«,2 - 1,19:00
https://www.yallakora.com/serie-a/2765/tour-hp/%d8%a7%d9%84%d8%af%d9%88%d8%b1%d9%8a-%d8%a7%d9%84%d8%a5%d9%8a%d8%b7%d8%a7%d9%84%d9%8a#MC_MatcheDetails,«·œÊ—Ì «·≈Ìÿ«·Ì,«·√”»Ê⁄ «·Õ«œÌ Ê«·⁄‘—Ê‰,https://www.yallakora.com/serie-a/2765/match/86805/%d8%a5%d9%86%d8%aa%d8%b1-%d9%85%d9%8a%d9%84%d8%a7%d9%86--%d9%85%d9%8a%d9%84%d8%a7%d9%86-%d8%a7%d9%84%d8%af%d9%88%d8%b1%d9%8a-%d8%a7%d9%84%d8%a5%d9%8a%d8%b7%d8%a7%d9%84%d9%8a#MC_MatcheDetails,«‰ Â ,≈‰ — „Ì·«‰ - „Ì·«‰,0 - 1,21:45
https://www.yallakora.com/bundesliga/2769/tour-hp/%d8%a7%d9%84%d8%af%d9%88%d8%b1%d9%8a-%d8%a7%d9%84%d8%a3%d9%84%d9%85%d8%a7%d9%86%d9%8a#MC_MatcheDetails,«·œÊ—Ì «·√·„«‰Ì,«·√”»Ê⁄ «· «”⁄ ⁄‘—,https://www.yallakora.com/bundesliga/2769/match/85856/%d8%b4%d8%aa%d9%88%d8%aa%d8%ac%d8%a7%d8%b1%d8%aa-%d9%81%d9%8a%d8%b1%d8%af%d8%b1-%d8%a8%d8%b1%d9%8a%d9%85%d9%86-%d8%a7%d9%84%d8%af%d9%88%d8%b1%d9%8a-%d8%a7%d9%84%d8%a3%d9%84%d9%85%d8%a7%d9%86%d9%8a#MC_MatcheDetails,«‰ Â ,‘ Ê Ã«—  - ›Ì—œ— »—Ì„‰,2 - 0,16:30
https://www.yallakora.com/bundesliga/2769/tour-hp/%d8%a7%d9%84%d8%af%d9%88%d8%b1%d9%8a-%d8%a7%d9%84%d8%a3%d9%84%d9%85%d8%a7%d9%86%d9%8a#MC_MatcheDetails,«·œÊ—Ì «·√·„«‰Ì,«·√”»Ê⁄ «· «”⁄ ⁄‘—,https://www.yallakora.com/bundesliga/2769/match/85857/%d9%81%d9%88%d9%84%d9%81%d8%b3%d8%a8%d9%88%d8%b1%d8%ac-%d8%a8%d8%a7%d9%8a%d8%b1%d9%86-%d9%85%d9%8a%d9%88%d9%86%d9%8a%d8%ae-%d8%a7%d9%84%d8%af%d9%88%d8%b1%d9%8a-%d8%a7%d9%84%d8%a3%d9%84%d9%85%d8%a7%d9%86%d9%8a#MC_MatcheDetails,«‰ Â ,›Ê·›”»Ê—Ã - »«Ì—‰ „ÌÊ‰ÌŒ,4 - 2,18:30
https://www.yallakora.com/ligue1/2768/tour-hp/%d8%a7%d9%84%d8%af%d9%88%d8%b1%d9%8a-%d8%a7%d9%84%d9%81%d8%b1%d9%86%d8%b3%d9%8a#MC_MatcheDetails,«·œÊ—Ì «·›—‰”Ì,«·√”»Ê⁄ «·À«‰Ì Ê«·⁄‘—Ê‰,https://www.yallakora.com/ligue1/2768/match/86822/%d9%83%d9%84%d9%8a%d8%b1%d9%85%d9%88%d9%86%d8%aa--%d9%85%d9%88%d9%86%d8%a7%d9%83%d9%88-%d8%a7%d9%84%d8%af%d9%88%d8%b1%d9%8a-%d8%a7%d9%84%d9%81%d8%b1%d9%86%d8%b3%d9%8a#MC_MatcheDetails,«‰ Â ,ﬂ·Ì—„Ê‰  - „Ê‰«ﬂÊ,2 - 0,14:00
https://www.yallakora.com/ligue1/2768/tour-hp/%d8%a7%d9%84%d8%af%d9%88%d8%b1%d9%8a-%d8%a7%d9%84%d9%81%d8%b1%d9%86%d8%b3%d9%8a#MC_MatcheDetails,«·œÊ—Ì «·›—‰”Ì,«·√”»Ê⁄ «·À«‰Ì Ê«·⁄‘—Ê‰,https://www.yallakora.com/ligue1/2768/match/86823/%d8%a7%d8%ac%d8%a7%d9%83%d8%b3%d9%8a%d9%88-%d9%86%d8%a7%d9%86%d8%aa-%d8%a7%d9%84%d8%af%d9%88%d8%b1%d9%8a-%d8%a7%d9%84%d9%81%d8%b1%d9%86%d8%b3%d9%8a#MC_MatcheDetails,«‰ Â ,«Ã«ﬂ”ÌÊ - ‰«‰ ,2 - 0,16:00
https://www.yallakora.com/ligue1/2768/tour-hp/%d8%a7%d9%84%d8%af%d9%88%d8%b1%d9%8a-%d8%a7%d9%84%d9%81%d8%b1%d9%86%d8%b3%d9%8a#MC_MatcheDetails,«·œÊ—Ì «·›—‰”Ì,«·√”»Ê⁄ «·À«‰Ì Ê«·⁄‘—Ê‰,https://www.yallakora.com/ligue1/2768/match/86824/%d8%b3%d8%aa%d8%b1%d8%a7%d8%b3%d8%a8%d9%88%d8%b1%d8%ac-%d9%85%d9%88%d9%86%d8%a8%d9%8a%d9%84%d9%8a%d9%87-%d8%a7%d9%84%d8%af%d9%88%d8%b1%d9%8a-%d8%a7%d9%84%d9%81%d8%b1%d9%86%d8%b3%d9%8a#MC_MatcheDetails,«‰ Â ,” —«”»Ê—Ã - „Ê‰»Ì·ÌÂ,0 - 2,16:00
https://www.yallakora.com/ligue1/2768/tour-hp/%d8%a7%d9%84%d8%af%d9%88%d8%b1%d9%8a-%d8%a7%d9%84%d9%81%d8%b1%d9%86%d8%b3%d9%8a#MC_MatcheDetails,«·œÊ—Ì «·›—‰”Ì,«·√”»Ê⁄ «·À«‰Ì Ê«·⁄‘—Ê‰,https://www.yallakora.com/ligue1/2768/match/86825/%d9%84%d9%88%d8%b1%d9%8a%d8%a7%d9%86-%d8%a3%d9%86%d8%ac%d9%8a%d9%87-%d8%a7%d9%84%d8%af%d9%88%d8%b1%d9%8a-%d8%a7%d9%84%d9%81%d8%b1%d9%86%d8%b3%d9%8a#MC_MatcheDetails,«‰ Â ,·Ê—Ì«‰ - √‰ÃÌÂ,0 - 0,16:00
https://www.yallakora.com/ligue1/2768/tour-hp/%d8%a7%d9%84%d8%af%d9%88%d8%b1%d9%8a-%d8%a7%d9%84%d9%81%d8%b1%d9%86%d8%b3%d9%8a#MC_MatcheDetails,«·œÊ—Ì «·›—‰”Ì,«·√”»Ê⁄ «·À«‰Ì Ê«·⁄‘—Ê‰,https://www.yallakora.com/ligue1/2768/match/86826/%d8%a7%d9%88%d9%83%d8%b3%d9%8a%d8%b1-%d8%b1%d9%8a%d9%85%d8%b3-%d8%a7%d9%84%d8%af%d9%88%d8%b1%d9%8a-%d8%a7%d9%84%d9%81%d8%b1%d9%86%d8%b3%d9%8a#MC_MatcheDetails,«‰ Â ,«Êﬂ”Ì— - —Ì„”,0 - 0,16:00
https://www.yallakora.com/ligue1/2768/tour-hp/%d8%a7%d9%84%d8%af%d9%88%d8%b1%d9%8a-%d8%a7%d9%84%d9%81%d8%b1%d9%86%d8%b3%d9%8a#MC_MatcheDetails,«·œÊ—Ì «·›—‰”Ì,«·√”»Ê⁄ «·À«‰Ì Ê«·⁄‘—Ê‰,https://www.yallakora.com/ligue1/2768/match/86827/%d8%a8%d8%b1%d9%8a%d8%b3%d8%aa-%d9%84%d8%a7%d9%86%d8%b3-%d8%a7%d9%84%d8%af%d9%88%d8%b1%d9%8a-%d8%a7%d9%84%d9%81%d8%b1%d9%86%d8%b3%d9%8a#MC_MatcheDetails,«‰ Â ,»—Ì”  - ·«‰”,1 - 1,18:05
https://www.yallakora.com/ligue1/2768/tour-hp/%d8%a7%d9%84%d8%af%d9%88%d8%b1%d9%8a-%d8%a7%d9%84%d9%81%d8%b1%d9%86%d8%b3%d9%8a#MC_MatcheDetails,«·œÊ—Ì «·›—‰”Ì,«·√”»Ê⁄ «·À«‰Ì Ê«·⁄‘—Ê‰,https://www.yallakora.com/ligue1/2768/match/86828/%d9%85%d8%a7%d8%b1%d8%b3%d9%8a%d9%84%d9%8a%d8%a7-%d9%86%d9%8a%d8%b3-%d8%a7%d9%84%d8%af%d9%88%d8%b1%d9%8a-%d8%a7%d9%84%d9%81%d8%b1%d9%86%d8%b3%d9%8a#MC_MatcheDetails,«‰ Â ,„«—”Ì·Ì« - ‰Ì”,3 - 1,21:45
https://www.yallakora.com/turkish-super-lig/2770/tour-hp/%d8%a7%d9%84%d8%af%d9%88%d8%b1%d9%8a-%d8%a7%d9%84%d8%aa%d8%b1%d9%83%d9%8a#MC_MatcheDetails,«·œÊ—Ì «· —ﬂÌ,«·√”»Ê⁄ «·À«·À Ê«·⁄‘—Ê‰,https://www.yallakora.com/turkish-super-lig/2770/match/86860/%d8%a5%d8%b3%d8%b7%d9%86%d8%a8%d9%88%d9%84-%d8%b3%d8%a8%d9%88%d8%b1-%d8%a3%d9%84%d8%a7%d9%86%d9%8a%d8%a7-%d8%b3%d8%a8%d9%88%d8%b1-%d8%a7%d9%84%d8%af%d9%88%d8%b1%d9%8a-%d8%a7%d9%84%d8%aa%d8%b1%d9%83%d9%8a#MC_MatcheDetails,«‰ Â ,≈”ÿ‰»Ê· ”»Ê— - √·«‰Ì« ”»Ê—,1 - 2,12:30
https://www.yallakora.com/turkish-super-lig/2770/tour-hp/%d8%a7%d9%84%d8%af%d9%88%d8%b1%d9%8a-%d8%a7%d9%84%d8%aa%d8%b1%d9%83%d9%8a#MC_MatcheDetails,«·œÊ—Ì «· —ﬂÌ,«·√”»Ê⁄ «·À«·À Ê«·⁄‘—Ê‰,https://www.yallakora.com/turkish-super-lig/2770/match/86861/%d9%87%d8%a7%d8%aa%d8%a7%d9%8a-%d8%b3%d8%a8%d9%88%d8%b1-%d9%82%d8%a7%d8%b3%d9%85-%d8%a8%d8%a7%d8%b4%d8%a7-%d8%a7%d9%84%d8%af%d9%88%d8%b1%d9%8a-%d8%a7%d9%84%d8%aa%d8%b1%d9%83%d9%8a#MC_MatcheDetails,«‰ Â ,Â« «Ì ”»Ê— - ﬁ«”„ »«‘«,0 - 1,15:00
https://www.yallakora.com/turkish-super-lig/2770/tour-hp/%d8%a7%d9%84%d8%af%d9%88%d8%b1%d9%8a-%d8%a7%d9%84%d8%aa%d8%b1%d9%83%d9%8a#MC_MatcheDetails,«·œÊ—Ì «· —ﬂÌ,«·√”»Ê⁄ «·À«·À Ê«·⁄‘—Ê‰,https://www.yallakora.com/turkish-super-lig/2770/match/86862/%d8%ac%d8%a7%d9%84%d8%a7%d8%aa%d8%a7-%d8%b3%d8%b1%d8%a7%d9%8a-%d8%b7%d8%b1%d8%a7%d8%a8%d8%b2%d9%88%d9%86-%d8%b3%d8%a8%d9%88%d8%b1-%d8%a7%d9%84%d8%af%d9%88%d8%b1%d9%8a-%d8%a7%d9%84%d8%aa%d8%b1%d9%83%d9%8a#MC_MatcheDetails,«‰ Â ,Ã«·« « ”—«Ì - ÿ—«»“Ê‰ ”»Ê—,1 - 2,18:00
https://www.yallakora.com/primeira-liga/2775/tour-hp/%d8%a7%d9%84%d8%af%d9%88%d8%b1%d9%8a-%d8%a7%d9%84%d8%a8%d8%b1%d8%aa%d8%ba%d8%a7%d9%84%d9%8a#MC_MatcheDetails,«·œÊ—Ì «·»— €«·Ì,«·√”»Ê⁄ «· «”⁄ ⁄‘—,https://www.yallakora.com/primeira-liga/2775/match/86842/%d8%b4%d8%a7%d9%81%d9%8a%d8%b4-%d9%85%d8%a7%d8%b1%d9%8a%d8%aa%d9%8a%d9%85%d9%88-%d8%a7%d9%84%d8%af%d9%88%d8%b1%d9%8a-%d8%a7%d9%84%d8%a8%d8%b1%d8%aa%d8%ba%d8%a7%d9%84%d9%8a#MC_MatcheDetails,«‰ Â ,‘«›Ì‘ - „«—Ì Ì„Ê,1 - 2,17:30
https://www.yallakora.com/primeira-liga/2775/tour-hp/%d8%a7%d9%84%d8%af%d9%88%d8%b1%d9%8a-%d8%a7%d9%84%d8%a8%d8%b1%d8%aa%d8%ba%d8%a7%d9%84%d9%8a#MC_MatcheDetails,«·œÊ—Ì «·»— €«·Ì,«·√”»Ê⁄ «· «”⁄ ⁄‘—,https://www.yallakora.com/primeira-liga/2775/match/86843/%d8%b3%d8%a8%d9%88%d8%b1%d8%aa%d9%8a%d9%86%d8%ac-%d8%a8%d8%b1%d8%a7%d8%ac%d8%a7-%d9%81%d8%a7%d9%85%d8%a7%d9%84%d9%8a%d9%83%d8%a7%d9%88-%d8%a7%d9%84%d8%af%d9%88%d8%b1%d9%8a-%d8%a7%d9%84%d8%a8%d8%b1%d8%aa%d8%ba%d8%a7%d9%84%d9%8a#MC_MatcheDetails,«‰ Â ,”»Ê— Ì‰Ã »—«Ã« - ›«„«·Ìﬂ«Ê,1 - 4,17:30
https://www.yallakora.com/primeira-liga/2775/tour-hp/%d8%a7%d9%84%d8%af%d9%88%d8%b1%d9%8a-%d8%a7%d9%84%d8%a8%d8%b1%d8%aa%d8%ba%d8%a7%d9%84%d9%8a#MC_MatcheDetails,«·œÊ—Ì «·»— €«·Ì,«·√”»Ê⁄ «· «”⁄ ⁄‘—,https://www.yallakora.com/primeira-liga/2775/match/86844/%d8%a8%d9%88%d8%b1%d8%aa%d9%88-%d9%81%d9%8a%d8%b2%d9%8a%d9%84%d8%a7--%d8%a7%d9%84%d8%af%d9%88%d8%b1%d9%8a-%d8%a7%d9%84%d8%a8%d8%b1%d8%aa%d8%ba%d8%a7%d9%84%d9%8a#MC_MatcheDetails,«‰ Â ,»Ê— Ê - ›Ì“Ì·«,0 - 2,20:00
https://www.yallakora.com/primeira-liga/2775/tour-hp/%d8%a7%d9%84%d8%af%d9%88%d8%b1%d9%8a-%d8%a7%d9%84%d8%a8%d8%b1%d8%aa%d8%ba%d8%a7%d9%84%d9%8a#MC_MatcheDetails,«·œÊ—Ì «·»— €«·Ì,«·√”»Ê⁄ «· «”⁄ ⁄‘—,https://www.yallakora.com/primeira-liga/2775/match/86845/%d8%ac%d9%84-%d9%81%d9%8a%d8%b3%d9%86%d8%aa%d9%8a-%d8%a3%d8%b1%d9%88%d9%83%d8%a7-%d8%a7%d9%84%d8%af%d9%88%d8%b1%d9%8a-%d8%a7%d9%84%d8%a8%d8%b1%d8%aa%d8%ba%d8%a7%d9%84%d9%8a#MC_MatcheDetails,«‰ Â ,Ã· ›Ì”‰ Ì - √—Êﬂ«,1 - 1,22:30
https://www.yallakora.com/tunisian-league/2799/tour-hp/%d8%a7%d9%84%d8%af%d9%88%d8%b1%d9%8a-%d8%a7%d9%84%d8%aa%d9%88%d9%86%d8%b3%d9%8a#MC_MatcheDetails,«·œÊ—Ì «· Ê‰”Ì,«·√”»Ê⁄ «·À«·À ⁄‘—,https://www.yallakora.com/tunisian-league/2799/match/86748/%d8%a7%d9%84%d8%a8%d9%86%d8%b2%d8%b1%d8%aa%d9%8a-%d8%a7%d9%84%d9%85%d9%84%d8%b9%d8%a8-%d8%a7%d9%84%d8%aa%d9%88%d9%86%d8%b3%d9%8a-%d8%a7%d9%84%d8%af%d9%88%d8%b1%d9%8a-%d8%a7%d9%84%d8%aa%d9%88%d9%86%d8%b3%d9%8a#MC_MatcheDetails,«‰ Â ,«·»‰“— Ì - «·„·⁄» «· Ê‰”Ì,2 - 1,15:00
https://www.yallakora.com/tunisian-league/2799/tour-hp/%d8%a7%d9%84%d8%af%d9%88%d8%b1%d9%8a-%d8%a7%d9%84%d8%aa%d9%88%d9%86%d8%b3%d9%8a#MC_MatcheDetails,«·œÊ—Ì «· Ê‰”Ì,«·√”»Ê⁄ «·À«·À ⁄‘—,https://www.yallakora.com/tunisian-league/2799/match/86749/%d8%a3%d9%85%d9%84-%d8%ad%d9%85%d8%a7%d9%85-%d8%b3%d9%88%d8%b3%d8%a9--%d8%a7%d9%84%d8%b5%d9%81%d8%a7%d9%82%d8%b3%d9%80%d9%80%d9%80%d9%80%d9%8a-%d8%a7%d9%84%d8%af%d9%88%d8%b1%d9%8a-%d8%a7%d9%84%d8%aa%d9%88%d9%86%d8%b3%d9%8a#MC_MatcheDetails,«‰ Â ,√„· Õ„«„ ”Ê”… - «·’›«ﬁ”‹‹‹‹Ì,1 - 1,15:00
https://www.yallakora.com/tunisian-league/2799/tour-hp/%d8%a7%d9%84%d8%af%d9%88%d8%b1%d9%8a-%d8%a7%d9%84%d8%aa%d9%88%d9%86%d8%b3%d9%8a#MC_MatcheDetails,«·œÊ—Ì «· Ê‰”Ì,«·√”»Ê⁄ «·À«·À ⁄‘—,https://www.yallakora.com/tunisian-league/2799/match/86750/%d9%87%d9%84%d8%a7%d9%84-%d8%b4%d8%a7%d8%a8%d8%a9-%d8%a7%d9%84%d9%86%d8%ac%d9%85-%d8%a7%d9%84%d8%b3%d8%a7%d8%ad%d9%84%d9%89--%d8%a7%d9%84%d8%af%d9%88%d8%b1%d9%8a-%d8%a7%d9%84%d8%aa%d9%88%d9%86%d8%b3%d9%8a#MC_MatcheDetails,«‰ Â ,Â·«· ‘«»… - «·‰Ã„ «·”«Õ·Ï,0 - 0,15:00
https://www.yallakora.com/tunisian-league/2799/tour-hp/%d8%a7%d9%84%d8%af%d9%88%d8%b1%d9%8a-%d8%a7%d9%84%d8%aa%d9%88%d9%86%d8%b3%d9%8a#MC_MatcheDetails,«·œÊ—Ì «· Ê‰”Ì,«·√”»Ê⁄ «·À«·À ⁄‘—,https://www.yallakora.com/tunisian-league/2799/match/86751/%d8%a7%d8%aa%d8%ad%d8%a7%d8%af-%d8%aa%d8%b7%d8%a7%d9%88%d9%8a%d9%86-%d8%a7%d9%84%d8%aa%d8%b1%d8%ac%d9%89-%d8%a7%d9%84%d8%b1%d9%8a%d8%a7%d8%b6%d9%8a-%d8%a7%d9%84%d8%af%d9%88%d8%b1%d9%8a-%d8%a7%d9%84%d8%aa%d9%88%d9%86%d8%b3%d9%8a#MC_MatcheDetails,«‰ Â ,« Õ«œ  ÿ«ÊÌ‰ - «· —ÃÏ «·—Ì«÷Ì,2 - 2,15:00
https://www.yallakora.com/tunisian-league/2799/tour-hp/%d8%a7%d9%84%d8%af%d9%88%d8%b1%d9%8a-%d8%a7%d9%84%d8%aa%d9%88%d9%86%d8%b3%d9%8a#MC_MatcheDetails,«·œÊ—Ì «· Ê‰”Ì,«·√”»Ê⁄ «·À«·À ⁄‘—,https://www.yallakora.com/tunisian-league/2799/match/86752/%d8%a7%d9%84%d8%a7%d9%81%d8%b1%d9%8a%d9%82%d9%8a-%d8%a7%d9%84%d8%aa%d9%88%d9%86%d8%b3%d9%8a-%d9%85%d8%b3%d8%aa%d9%82%d8%a8%d9%84-%d8%a7%d9%84%d8%b1%d8%ac%d9%8a%d8%b4-%d8%a7%d9%84%d8%af%d9%88%d8%b1%d9%8a-%d8%a7%d9%84%d8%aa%d9%88%d9%86%d8%b3%d9%8a#MC_MatcheDetails,«‰ Â ,«·«›—ÌﬁÌ «· Ê‰”Ì - „” ﬁ»· «·—ÃÌ‘,0 - 1,15:00
https://www.yallakora.com/tunisian-league/2799/tour-hp/%d8%a7%d9%84%d8%af%d9%88%d8%b1%d9%8a-%d8%a7%d9%84%d8%aa%d9%88%d9%86%d8%b3%d9%8a#MC_MatcheDetails,«·œÊ—Ì «· Ê‰”Ì,«·√”»Ê⁄ «·À«·À ⁄‘—,https://www.yallakora.com/tunisian-league/2799/match/86753/%d8%b3%d9%84%d9%8a%d9%85%d8%a7%d9%86-%d8%a7%d9%84%d8%b1%d9%8a%d8%a7%d8%b6%d9%8a-%d8%a3%d9%88%d9%84%d9%85%d8%a8%d9%8a%d9%83-%d8%b3%d9%8a%d8%af%d9%8a-%d8%a8%d9%88%d8%b2%d9%8a%d8%af-%d8%a7%d9%84%d8%af%d9%88%d8%b1%d9%8a-%d8%a7%d9%84%d8%aa%d9%88%d9%86%d8%b3%d9%8a#MC_MatcheDetails,«‰ Â ,”·Ì„«‰ «·—Ì«÷Ì - √Ê·„»Ìﬂ ”ÌœÌ »Ê“Ìœ,0 - 1,15:00
https://www.yallakora.com/tunisian-league/2799/tour-hp/%d8%a7%d9%84%d8%af%d9%88%d8%b1%d9%8a-%d8%a7%d9%84%d8%aa%d9%88%d9%86%d8%b3%d9%8a#MC_MatcheDetails,«·œÊ—Ì «· Ê‰”Ì,«·√”»Ê⁄ «·À«·À ⁄‘—,https://www.yallakora.com/tunisian-league/2799/match/86754/%d8%a7%d9%84%d9%86%d8%ac%d9%85-%d8%a7%d9%84%d8%b1%d9%8a%d8%a7%d8%b6%d9%8a-%d8%a8%d8%a7%d9%84%d9%85%d8%aa%d9%84%d9%88%d9%8a-%d8%a7%d9%84%d8%a3%d9%88%d9%84%d9%85%d8%a8%d9%8a-%d8%a7%d9%84%d8%a8%d8%a7%d8%ac%d9%8a-%d8%a7%d9%84%d8%af%d9%88%d8%b1%d9%8a-%d8%a7%d9%84%d8%aa%d9%88%d9%86%d8%b3%d9%8a#MC_MatcheDetails,«‰ Â ,«·‰Ã„ «·—Ì«÷Ì »«·„ ·ÊÌ - «·√Ê·„»Ì «·»«ÃÌ,0 - 1,15:00
https://www.yallakora.com/tunisian-league/2799/tour-hp/%d8%a7%d9%84%d8%af%d9%88%d8%b1%d9%8a-%d8%a7%d9%84%d8%aa%d9%88%d9%86%d8%b3%d9%8a#MC_MatcheDetails,«·œÊ—Ì «· Ê‰”Ì,«·√”»Ê⁄ «·À«·À ⁄‘—,https://www.yallakora.com/tunisian-league/2799/match/86755/%d8%a7%d9%84%d8%a5%d8%aa%d8%ad%d8%a7%d8%af-%d8%a7%d9%84%d9%85%d9%86%d8%b3%d8%aa%d9%8a%d8%b1%d9%8a-%d8%a5%d8%aa%d8%ad%d8%a7%d8%af-%d8%a8%d9%86-%d9%82%d8%b1%d8%af%d8%a7%d9%86-%d8%a7%d9%84%d8%af%d9%88%d8%b1%d9%8a-%d8%a7%d9%84%d8%aa%d9%88%d9%86%d8%b3%d9%8a#MC_MatcheDetails,«‰ Â ,«·≈ Õ«œ «·„‰” Ì—Ì - ≈ Õ«œ »‰ ﬁ—œ«‰,1 - 0,15:00
https://www.yallakora.com/uael-league/2781/tour-hp/%d8%a7%d9%84%d8%af%d9%88%d8%b1%d9%8a-%d8%a7%d9%84%d8%a5%d9%85%d8%a7%d8%b1%d8%a7%d8%aa%d9%8a#MC_MatcheDetails,«·œÊ—Ì «·≈„«—« Ì,«·√”»Ê⁄ «·Œ«„” ⁄‘—,https://www.yallakora.com/uael-league/2781/match/86638/%d8%a7%d8%aa%d8%ad%d8%a7%d8%af-%d9%83%d9%84%d8%a8%d8%a7%d8%a1-%d8%a7%d9%84%d9%88%d8%ad%d9%80%d9%80%d9%80%d8%af%d8%a9--%d8%a7%d9%84%d8%af%d9%88%d8%b1%d9%8a-%d8%a7%d9%84%d8%a5%d9%85%d8%a7%d8%b1%d8%a7%d8%aa%d9%8a#MC_MatcheDetails,«‰ Â ,« Õ«œ ﬂ·»«¡ - «·ÊÕ‹‹‹œ…,2 - 0,15:30
https://www.yallakora.com/uael-league/2781/tour-hp/%d8%a7%d9%84%d8%af%d9%88%d8%b1%d9%8a-%d8%a7%d9%84%d8%a5%d9%85%d8%a7%d8%b1%d8%a7%d8%aa%d9%8a#MC_MatcheDetails,«·œÊ—Ì «·≈„«—« Ì,«·√”»Ê⁄ «·Œ«„” ⁄‘—,https://www.yallakora.com/uael-league/2781/match/86639/%d8%a7%d9%84%d8%b8%d9%81%d8%b1%d8%a9-%d8%a7%d9%84%d8%b9%d9%8a%d9%86-%d8%a7%d9%84%d8%af%d9%88%d8%b1%d9%8a-%d8%a7%d9%84%d8%a5%d9%85%d8%a7%d8%b1%d8%a7%d8%aa%d9%8a#MC_MatcheDetails,«‰ Â ,«·Ÿ›—… - «·⁄Ì‰,4 - 1,15:30
https://www.yallakora.com/uael-league/2781/tour-hp/%d8%a7%d9%84%d8%af%d9%88%d8%b1%d9%8a-%d8%a7%d9%84%d8%a5%d9%85%d8%a7%d8%b1%d8%a7%d8%aa%d9%8a#MC_MatcheDetails,«·œÊ—Ì «·≈„«—« Ì,«·√”»Ê⁄ «·Œ«„” ⁄‘—,https://www.yallakora.com/uael-league/2781/match/86640/%d8%a7%d9%84%d8%ac%d9%80%d9%80%d8%b2%d9%8a%d8%b1%d8%a9-%d8%ae%d9%88%d8%b1%d9%81%d9%83%d8%a7%d9%86-%d8%a7%d9%84%d8%af%d9%88%d8%b1%d9%8a-%d8%a7%d9%84%d8%a5%d9%85%d8%a7%d8%b1%d8%a7%d8%aa%d9%8a#MC_MatcheDetails,«‰ Â ,«·Ã‹‹“Ì—… - ŒÊ—›ﬂ«‰,1 - 1,18:15
https://www.yallakora.com/uael-league/2781/tour-hp/%d8%a7%d9%84%d8%af%d9%88%d8%b1%d9%8a-%d8%a7%d9%84%d8%a5%d9%85%d8%a7%d8%b1%d8%a7%d8%aa%d9%8a#MC_MatcheDetails,«·œÊ—Ì «·≈„«—« Ì,«·√”»Ê⁄ «·Œ«„” ⁄‘—,https://www.yallakora.com/uael-league/2781/match/86641/%d8%a7%d9%84%d9%88%d8%b5%d9%84-%d8%a7%d9%84%d8%a8%d8%b7%d8%a7%d8%a6%d8%ad-%d8%a7%d9%84%d8%af%d9%88%d8%b1%d9%8a-%d8%a7%d9%84%d8%a5%d9%85%d8%a7%d8%b1%d8%a7%d8%aa%d9%8a#MC_MatcheDetails,«‰ Â ,«·Ê’· - «·»ÿ«∆Õ,1 - 3,18:15
https://www.yallakora.com/qatar-league/2779/tour-hp/%d8%af%d9%88%d8%b1%d9%8a-%d9%86%d8%ac%d9%88%d9%85-%d9%82%d8%b7%d8%b1#MC_MatcheDetails,œÊ—Ì ‰ÃÊ„ ﬁÿ—,«·√”»Ê⁄ «·À«·À ⁄‘—,https://www.yallakora.com/qatar-league/2779/match/86879/%d8%a7%d9%84%d9%85%d8%b1%d8%ae%d9%8a%d8%a9-%d8%a7%d9%84%d8%b1%d9%8a%d8%a7%d8%b6%d9%8a-%d9%86%d8%a7%d8%af%d9%8a-%d9%82%d8%b7%d8%b1-%d8%af%d9%88%d8%b1%d9%8a-%d9%86%d8%ac%d9%88%d9%85-%d9%82%d8%b7%d8%b1#MC_MatcheDetails,«‰ Â ,«·„—ŒÌ… «·—Ì«÷Ì - ‰«œÌ ﬁÿ—,0 - 4,15:35
https://www.yallakora.com/qatar-league/2779/tour-hp/%d8%af%d9%88%d8%b1%d9%8a-%d9%86%d8%ac%d9%88%d9%85-%d9%82%d8%b7%d8%b1#MC_MatcheDetails,œÊ—Ì ‰ÃÊ„ ﬁÿ—,«·√”»Ê⁄ «·À«·À ⁄‘—,https://www.yallakora.com/qatar-league/2779/match/86880/%d8%a7%d9%84%d8%b4%d9%85%d8%a7%d9%84-%d8%a7%d9%84%d8%b3%d9%8a%d9%84%d9%8a%d8%a9-%d8%af%d9%88%d8%b1%d9%8a-%d9%86%d8%ac%d9%88%d9%85-%d9%82%d8%b7%d8%b1#MC_MatcheDetails,«‰ Â ,«·‘„«· - «·”Ì·Ì…,5 - 0,18:00
